Date;Time;D01;D02;D03;D04;D05;D06;D012;D013;D014;D07;D08;D09;D010;D011
13-11-2007;08:45:00;38;13;41;33;44;28;276;444;322;215;374;350;386;364
13-11-2007;09:00:00;367;100;329;288;398;267;253;360;268;197;345;302;309;314
13-11-2007;09:15:00;301;88;333;283;333;268;225;307;221;201;316;276;254;281
13-11-2007;09:30:00;227;63;249;281;226;255;153;230;185;154;210;233;222;237
13-11-2007;09:45:00;263;76;300;286;270;294;178;290;228;174;246;264;269;211
13-11-2007;10:00:00;215;63;249;300;269;289;166;294;228;162;237;267;258;155
13-11-2007;10:15:00;217;75;290;288;245;266;165;268;207;178;237;258;239;113
13-11-2007;10:30:00;193;69;283;258;240;297;158;221;179;166;245;247;236;179
13-11-2007;10:45:00;240;56;292;291;228;296;135;235;201;154;186;241;203;140
13-11-2007;11:00:00;216;70;295;322;242;354;169;253;196;164;241;255;228;205
13-11-2007;11:15:00;240;69;325;365;285;352;210;249;207;176;253;252;227;224
13-11-2007;11:30:00;211;71;301;316;232;281;165;256;215;158;210;235;222;182
13-11-2007;11:45:00;206;77;291;325;244;326;174;251;218;161;219;263;222;205
13-11-2007;12:00:00;219;64;297;337;265;305;164;252;198;185;241;276;236;209
13-11-2007;12:15:00;232;86;293;342;258;340;179;262;225;193;228;276;247;197
13-11-2007;12:30:00;201;68;275;312;216;288;168;247;196;189;228;243;230;196
13-11-2007;12:45:00;213;85;333;340;248;327;170;258;219;189;227;279;253;188
13-11-2007;13:00:00;226;65;298;326;244;286;184;278;233;198;237;290;263;219
13-11-2007;13:15:00;240;84;320;341;269;358;194;292;253;247;274;328;290;250
13-11-2007;13:30:00;213;78;317;330;264;351;192;244;186;188;250;234;209;238
13-11-2007;13:45:00;221;63;294;330;250;345;188;254;200;175;237;212;204;234
13-11-2007;14:00:00;250;78;291;364;261;366;185;269;224;205;250;291;250;227
13-11-2007;14:15:00;200;95;304;345;248;325;195;310;253;203;249;305;258;248
13-11-2007;14:30:00;259;104;342;399;270;381;215;332;269;236;317;386;318;335
13-11-2007;14:45:00;245;101;327;362;262;359;221;327;268;198;252;314;284;279
13-11-2007;15:00:00;223;96;346;417;302;385;219;304;233;217;324;323;287;312
13-11-2007;15:15:00;271;133;373;447;282;445;232;388;315;247;357;482;392;355
13-11-2007;15:30:00;323;162;377;462;356;480;322;490;366;233;420;464;375;412
13-11-2007;15:45:00;272;160;377;471;303;461;283;452;336;228;391;533;433;406
13-11-2007;16:00:00;290;141;377;480;312;438;293;421;329;204;353;425;358;390
13-11-2007;16:15:00;373;157;428;474;344;456;333;476;366;251;399;484;453;483
13-11-2007;16:30:00;389;181;434;515;387;500;352;510;386;243;446;519;484;526
13-11-2007;16:45:00;304;146;363;467;314;423;290;462;346;178;322;397;366;366
13-11-2007;17:00:00;224;103;289;391;257;367;211;311;259;167;267;336;306;302
13-11-2007;17:15:00;228;85;301;374;245;361;222;282;236;164;225;251;223;286
13-11-2007;17:30:00;199;68;294;365;215;335;181;246;206;181;190;235;222;228
13-11-2007;17:45:00;199;57;278;336;199;345;170;198;158;201;204;214;198;226
13-11-2007;18:00:00;115;52;233;264;156;258;130;197;176;176;151;204;177;167
13-11-2007;18:15:00;125;46;195;282;137;280;105;147;136;158;127;187;157;144
13-11-2007;18:30:00;142;41;206;270;140;291;121;137;107;131;143;141;123;153
13-11-2007;18:45:00;127;30;217;256;147;251;80;94;80;154;144;155;145;146
13-11-2007;19:00:00;112;27;223;221;124;224;80;87;73;129;113;114;103;120
13-11-2007;19:15:00;102;26;164;181;107;175;87;96;86;128;99;109;95;105
13-11-2007;19:30:00;82;34;144;160;95;177;71;81;76;120;91;105;101;97
13-11-2007;19:45:00;80;17;125;139;81;150;55;72;54;122;77;97;80;72
13-11-2007;20:00:00;70;27;110;155;71;155;41;53;49;98;72;108;90;72
13-11-2007;20:15:00;68;16;111;112;88;118;56;42;31;84;74;58;47;78
13-11-2007;20:30:00;47;20;94;97;59;106;50;58;52;79;65;79;50;66
13-11-2007;20:45:00;60;15;93;97;58;114;37;49;46;84;52;55;49;48
13-11-2007;21:00:00;50;22;68;97;44;112;27;35;21;66;46;66;47;45
13-11-2007;21:15:00;46;15;95;110;59;117;19;34;26;78;52;71;55;51
13-11-2007;21:30:00;57;16;83;101;58;108;47;52;47;79;48;52;45;63
13-11-2007;21:45:00;63;17;91;126;76;125;49;47;51;68;54;51;45;70
13-11-2007;22:00:00;61;22;70;107;54;128;51;45;42;70;59;50;43;59
13-11-2007;22:15:00;51;15;88;116;60;144;42;40;42;71;56;58;35;65
13-11-2007;22:30:00;39;16;81;122;51;137;43;48;45;69;39;63;59;39
13-11-2007;22:45:00;56;16;51;99;59;98;23;46;46;43;31;48;37;25
13-11-2007;23:00:00;45;14;68;83;65;98;30;36;33;53;48;45;50;56
13-11-2007;23:15:00;32;18;43;88;49;91;27;31;30;49;37;72;39;44
13-11-2007;23:30:00;37;15;48;81;45;84;34;20;18;37;49;39;30;58
13-11-2007;23:45:00;38;15;47;72;33;79;29;25;26;38;32;36;25;27
14-11-2007;00:00:00;26;18;43;68;27;73;13;13;17;24;26;29;26;33
14-11-2007;00:15:00;15;11;19;41;12;43;14;22;17;30;21;29;20;23
14-11-2007;00:30:00;15;12;22;38;18;49;5;7;7;14;16;14;12;20
14-11-2007;00:45:00;15;13;30;44;17;53;6;11;9;25;19;16;16;22
14-11-2007;01:00:00;24;15;27;39;35;55;5;5;4;21;30;17;15;24
14-11-2007;01:30:00;16;14;26;24;17;38;5;7;7;6;7;6;5;6
14-11-2007;02:00:00;9;9;13;24;10;32;5;4;5;8;8;8;8;9
14-11-2007;02:45:00;9;9;9;12;9;23;2;2;3;2;2;2;2;3
14-11-2007;03:00:00;16;13;19;25;15;36;5;5;4;11;8;9;10;9
14-11-2007;03:45:00;20;13;23;30;20;42;3;3;5;8;12;7;9;10
14-11-2007;04:00:00;12;11;22;17;13;16;7;7;8;9;5;6;5;7
14-11-2007;04:15:00;13;13;25;24;14;28;1;1;1;8;6;10;11;6
14-11-2007;04:30:00;23;14;22;30;18;35;3;3;2;11;10;9;9;10
14-11-2007;04:45:00;20;14;29;29;18;32;8;9;11;12;10;12;11;11
14-11-2007;05:00:00;26;14;23;33;21;38;11;12;11;17;18;15;18;19
14-11-2007;05:15:00;32;15;43;39;30;45;14;17;9;42;36;23;18;29
14-11-2007;05:30:00;26;14;39;31;32;34;14;18;18;29;24;22;19;22
14-11-2007;05:45:00;49;16;71;48;58;52;25;43;32;41;43;31;35;29
14-11-2007;06:00:00;95;17;90;69;93;76;55;90;60;56;86;68;61;78
14-11-2007;06:15:00;87;30;122;93;105;108;64;99;77;71;85;92;86;95
14-11-2007;06:30:00;165;34;174;124;187;132;107;137;112;117;154;113;131;156
14-11-2007;06:45:00;221;39;266;142;296;178;177;204;132;140;233;120;138;260
14-11-2007;07:00:00;288;71;307;224;392;222;257;340;229;174;360;217;293;373
14-11-2007;07:15:00;296;73;362;225;419;226;314;322;236;188;380;233;271;420
14-11-2007;07:30:00;371;86;417;277;482;278;336;399;296;214;401;252;352;436
14-11-2007;07:45:00;334;115;438;322;486;325;321;476;344;217;412;300;396;397
14-11-2007;08:00:00;373;133;402;403;478;419;296;530;377;239;465;374;460;386
14-11-2007;08:15:00;304;121;407;366;404;369;270;473;374;240;376;330;400;332
14-11-2007;08:30:00;342;102;475;318;400;291;252;447;322;318;435;356;397;393
14-11-2007;08:45:00;311;112;376;357;375;305;257;421;329;234;329;309;349;319
14-11-2007;09:00:00;278;80;338;288;306;283;219;339;263;245;322;302;331;326
14-11-2007;09:15:00;172;73;304;248;305;229;189;316;243;182;272;248;250;260
14-11-2007;09:30:00;258;72;246;225;267;222;172;252;184;150;248;207;197;231
14-11-2007;09:45:00;246;63;286;250;284;245;191;250;176;164;242;221;205;253
14-11-2007;10:00:00;256;59;281;294;268;271;191;253;180;203;273;238;211;272
14-11-2007;10:15:00;225;62;287;300;281;320;164;245;186;210;239;243;219;244
14-11-2007;10:30:00;209;56;268;284;249;280;192;260;206;162;234;211;215;248
14-11-2007;10:45:00;226;68;289;304;258;300;185;245;195;186;248;231;213;236
14-11-2007;11:00:00;183;57;290;296;229;286;151;231;174;177;214;233;222;218
14-11-2007;11:15:00;213;58;266;321;222;317;153;240;173;185;199;219;192;198
14-11-2007;11:30:00;237;85;307;321;256;303;176;275;229;210;243;288;269;228
14-11-2007;11:45:00;158;77;290;309;242;320;164;274;231;223;229;300;272;239
14-11-2007;12:00:00;186;79;284;333;244;357;153;272;211;209;240;290;258;218
14-11-2007;12:15:00;208;73;312;328;209;326;166;251;200;178;214;246;223;233
14-11-2007;12:30:00;216;81;334;364;270;345;188;293;250;235;269;294;278;249
14-11-2007;12:45:00;158;55;293;366;235;329;166;274;210;183;217;233;202;208
14-11-2007;13:00:00;198;62;295;324;216;280;146;261;216;197;213;275;262;191
14-11-2007;13:15:00;223;68;280;318;210;320;166;248;199;223;233;244;231;246
14-11-2007;13:30:00;239;86;307;341;259;348;204;274;228;205;267;301;265;262
14-11-2007;13:45:00;232;84;334;324;275;326;171;250;216;213;269;303;279;262
14-11-2007;14:00:00;230;93;302;371;266;367;188;304;252;201;246;284;269;242
14-11-2007;14:15:00;233;82;281;394;262;382;198;266;224;192;242;303;253;245
14-11-2007;14:30:00;270;97;349;461;291;424;235;318;272;222;262;337;270;288
14-11-2007;14:45:00;276;104;326;394;283;381;216;344;274;197;257;322;287;279
14-11-2007;15:00:00;298;114;336;457;298;418;225;355;290;235;343;428;396;343
14-11-2007;15:15:00;273;145;339;456;273;410;279;389;308;196;310;404;335;336
14-11-2007;15:30:00;319;148;405;507;318;455;292;479;357;243;382;475;368;386
14-11-2007;15:45:00;306;147;356;478;301;358;271;425;329;214;333;411;339;358
14-11-2007;16:00:00;300;143;373;480;325;392;266;472;361;236;359;481;417;381
14-11-2007;16:15:00;365;172;393;447;337;438;292;462;353;220;357;452;396;393
14-11-2007;16:30:00;251;162;409;468;294;430;264;465;354;236;329;429;393;396
14-11-2007;16:45:00;324;147;426;510;335;428;294;440;355;210;358;441;424;392
14-11-2007;17:00:00;231;103;342;377;248;344;220;311;251;174;281;317;304;325
14-11-2007;17:15:00;243;85;381;379;246;383;222;308;236;212;243;267;242;290
14-11-2007;17:30:00;207;70;299;351;191;357;176;238;190;239;216;252;235;248
14-11-2007;17:45:00;200;77;278;376;182;346;159;238;195;193;175;240;231;204
14-11-2007;18:00:00;147;45;252;315;165;321;130;156;134;191;157;206;188;195
14-11-2007;18:15:00;133;50;248;295;149;289;124;135;140;154;132;176;169;156
14-11-2007;18:30:00;170;35;220;277;167;267;122;139;124;157;163;171;162;165
14-11-2007;18:45:00;135;39;260;246;158;252;109;119;102;167;147;148;134;144
14-11-2007;19:00:00;106;32;190;219;127;215;110;129;118;149;132;166;151;148
14-11-2007;19:15:00;85;29;195;186;110;211;87;78;71;133;119;115;99;131
14-11-2007;19:30:00;94;20;161;195;102;196;66;87;73;121;93;97;83;108
14-11-2007;19:45:00;72;25;153;176;82;172;62;81;73;131;87;119;104;99
14-11-2007;20:00:00;96;21;137;156;96;156;64;50;43;106;91;85;72;100
14-11-2007;20:15:00;67;25;137;147;71;162;57;84;73;98;88;104;76;83
14-11-2007;20:30:00;68;22;103;118;65;125;60;69;66;92;74;90;75;86
14-11-2007;20:45:00;58;18;133;145;70;163;58;54;51;78;66;82;53;71
14-11-2007;21:00:00;57;15;116;129;66;160;49;58;48;67;60;61;52;75
14-11-2007;21:15:00;73;15;114;102;69;110;52;64;56;76;64;60;50;66
14-11-2007;21:30:00;64;24;127;130;70;141;50;81;71;94;66;70;68;60
14-11-2007;21:45:00;75;20;105;156;74;173;53;56;49;85;74;65;51;76
14-11-2007;22:00:00;58;19;93;158;60;170;43;55;57;95;54;75;69;76
14-11-2007;22:15:00;57;15;86;131;68;149;58;47;48;88;64;70;52;83
14-11-2007;22:30:00;43;15;114;123;70;136;59;52;54;68;56;50;39;67
14-11-2007;22:45:00;57;16;83;132;78;156;45;47;41;57;58;54;48;62
14-11-2007;23:00:00;57;14;68;105;61;97;44;50;49;57;49;51;49;53
14-11-2007;23:15:00;37;15;58;100;39;112;25;36;36;49;29;51;34;33
14-11-2007;23:30:00;29;15;63;98;43;111;39;32;26;48;51;45;25;56
14-11-2007;23:45:00;39;15;57;97;43;111;30;31;34;37;32;35;26;35
15-11-2007;00:00:00;19;12;37;40;22;53;9;12;13;41;28;42;25;28
15-11-2007;00:15:00;21;15;30;48;15;53;6;9;9;30;17;18;14;18
15-11-2007;00:30:00;19;14;31;41;24;51;3;4;4;29;18;22;20;17
15-11-2007;00:45:00;16;14;21;36;19;52;11;16;16;16;17;22;16;17
15-11-2007;01:00:00;24;14;17;31;27;44;2;3;3;10;12;7;7;13
15-11-2007;01:15:00;19;14;24;29;23;30;4;8;6;11;9;8;11;9
15-11-2007;02:00:00;11;11;17;29;11;35;2;3;3;6;7;8;6;7
15-11-2007;02:15:00;14;13;24;38;15;39;2;2;3;9;8;9;9;9
15-11-2007;02:45:00;12;11;13;20;12;18;2;2;3;7;5;7;6;5
15-11-2007;03:00:00;12;12;18;25;12;26;2;3;2;2;3;2;2;2
15-11-2007;03:45:00;11;11;13;18;11;20;4;5;7;2;2;3;2;2
15-11-2007;04:00:00;14;13;18;19;13;31;3;3;4;6;4;4;4;4
15-11-2007;04:15:00;11;8;11;8;12;16;2;3;2;16;10;10;10;17
15-11-2007;04:45:00;17;14;33;27;18;29;5;9;6;21;15;16;13;14
15-11-2007;05:00:00;27;15;41;44;28;42;7;11;12;26;20;22;23;15
15-11-2007;05:15:00;32;14;42;27;28;34;13;16;21;36;28;29;28;30
15-11-2007;05:30:00;37;14;43;33;35;40;14;11;13;32;26;22;21;29
15-11-2007;05:45:00;59;15;71;61;69;62;31;34;28;52;56;32;35;48
15-11-2007;06:00:00;94;20;111;88;84;84;50;81;45;69;75;53;61;75
15-11-2007;06:15:00;87;25;103;73;110;75;69;96;67;68;95;68;69;97
15-11-2007;06:30:00;152;34;191;133;176;123;90;148;105;128;151;134;136;146
15-11-2007;06:45:00;235;45;269;144;278;188;188;185;142;138;223;121;153;228
15-11-2007;07:00:00;258;67;288;208;380;195;260;311;204;146;320;187;230;327
15-11-2007;07:15:00;361;67;340;242;393;213;288;329;242;155;338;218;251;362
15-11-2007;07:30:00;336;96;372;278;447;263;321;388;288;227;408;291;357;410
15-11-2007;07:45:00;441;111;446;316;478;339;323;481;355;253;464;385;476;486
15-11-2007;08:00:00;408;116;423;391;463;396;290;517;382;217;407;338;425;359
15-11-2007;08:15:00;325;119;402;356;435;318;296;467;350;235;394;300;359;365
15-11-2007;08:30:00;341;115;405;347;391;313;286;477;341;226;356;310;371;360
15-11-2007;08:45:00;328;112;409;341;377;335;252;440;327;253;328;317;338;325
15-11-2007;09:00:00;233;91;351;275;362;270;247;408;311;225;324;270;324;299
15-11-2007;09:15:00;256;74;303;249;312;237;202;300;221;232;326;270;286;313
15-11-2007;09:30:00;240;67;249;250;258;237;155;268;214;186;226;222;224;211
15-11-2007;09:45:00;236;58;273;270;237;262;185;258;205;174;233;243;233;250
15-11-2007;10:00:00;242;80;268;250;260;252;164;267;210;177;219;239;232;208
15-11-2007;10:15:00;258;76;290;302;260;310;171;254;207;207;258;251;230;241
15-11-2007;10:30:00;221;67;248;282;232;266;173;274;208;188;224;247;230;223
15-11-2007;10:45:00;214;64;258;283;231;253;157;258;195;186;234;257;240;215
15-11-2007;11:00:00;210;66;279;310;242;284;169;244;191;162;218;224;203;213
15-11-2007;11:15:00;222;81;323;295;274;293;190;272;211;195;235;249;229;224
15-11-2007;11:30:00;215;75;298;295;254;308;166;235;189;188;218;252;212;214
15-11-2007;11:45:00;225;65;264;287;264;294;161;221;180;181;227;223;197;211
15-11-2007;12:00:00;213;77;301;319;230;315;177;263;210;180;223;265;248;218
15-11-2007;12:15:00;197;75;312;318;231;314;187;270;205;222;240;281;251;261
15-11-2007;12:30:00;210;62;275;315;238;312;164;253;203;198;215;236;217;207
15-11-2007;12:45:00;248;72;329;309;263;302;166;284;217;198;227;254;233;217
15-11-2007;13:00:00;240;74;270;348;259;358;182;267;207;183;245;242;208;219
15-11-2007;13:15:00;206;99;293;398;233;374;174;302;241;176;207;293;268;238
15-11-2007;13:30:00;221;65;300;347;237;318;196;277;224;225;275;290;271;282
15-11-2007;13:45:00;207;78;301;342;239;324;168;299;232;247;257;320;309;260
15-11-2007;14:00:00;201;72;294;385;263;345;183;301;220;199;239;256;230;232
15-11-2007;14:15:00;237;96;324;385;263;359;198;299;230;197;234;320;262;258
15-11-2007;14:30:00;252;104;365;425;302;430;234;330;258;230;263;328;279;287
15-11-2007;14:45:00;259;103;339;427;278;403;228;353;292;218;290;322;286;296
15-11-2007;15:00:00;260;96;330;423;306;416;214;333;274;244;303;349;302;307
15-11-2007;15:15:00;260;126;339;460;281;424;250;378;304;240;366;449;352;359
15-11-2007;15:30:00;336;159;401;527;358;508;283;461;341;263;479;521;413;456
15-11-2007;15:45:00;316;141;374;476;321;436;255;418;326;224;356;416;332;346
15-11-2007;16:00:00;255;143;341;426;271;393;240;418;307;218;303;405;343;331
15-11-2007;16:15:00;323;133;417;432;321;413;293;410;328;236;364;454;387;430
15-11-2007;16:30:00;357;145;439;429;333;397;313;460;350;221;373;448;389;423
15-11-2007;16:45:00;288;127;289;418;310;334;236;331;264;173;324;346;332;373
15-11-2007;17:00:00;215;101;351;430;264;386;226;319;253;200;247;309;270;288
15-11-2007;17:15:00;244;103;323;372;262;368;237;249;203;210;245;266;244;300
15-11-2007;17:30:00;190;87;304;317;214;330;191;230;175;188;203;237;218;252
15-11-2007;17:45:00;210;66;316;381;215;368;171;238;181;190;210;244;234;243
15-11-2007;18:00:00;171;42;273;336;158;353;124;170;142;169;147;184;172;174
15-11-2007;18:15:00;159;57;251;278;163;282;131;166;139;175;161;194;167;174
15-11-2007;18:30:00;119;48;260;241;160;259;122;153;135;163;160;158;146;172
15-11-2007;18:45:00;128;32;227;244;161;269;116;122;109;139;133;152;127;156
15-11-2007;19:00:00;141;24;205;240;149;224;119;128;116;144;149;146;134;184
15-11-2007;19:15:00;91;31;178;216;120;211;81;123;104;135;112;123;113;124
15-11-2007;19:30:00;83;24;187;175;102;178;70;92;86;136;93;123;106;105
15-11-2007;19:45:00;71;30;176;189;92;194;69;87;82;132;77;140;109;92
15-11-2007;20:00:00;94;17;147;171;98;162;74;69;57;116;98;96;74;115
15-11-2007;20:15:00;72;25;132;151;81;150;62;74;72;103;88;108;83;87
15-11-2007;20:30:00;70;22;115;138;77;147;55;60;52;97;75;102;80;81
15-11-2007;20:45:00;71;24;101;137;71;157;52;58;60;77;63;78;60;64
15-11-2007;21:00:00;63;16;123;134;66;128;55;51;50;85;61;72;52;76
15-11-2007;21:15:00;51;19;100;113;48;122;38;54;52;70;43;64;58;48
15-11-2007;21:30:00;61;20;97;132;55;156;45;63;62;80;57;85;65;75
15-11-2007;21:45:00;87;15;98;120;73;117;69;66;52;75;73;74;73;83
15-11-2007;22:00:00;71;15;102;129;82;147;62;47;40;64;78;51;50;84
15-11-2007;22:15:00;57;15;97;154;67;177;49;65;57;67;65;56;52;68
15-11-2007;22:30:00;54;19;86;142;62;144;59;62;57;63;68;70;69;76
15-11-2007;22:45:00;59;15;97;114;77;129;52;55;55;77;58;70;58;70
15-11-2007;23:00:00;67;20;73;116;69;115;31;46;43;70;46;66;56;46
15-11-2007;23:15:00;47;16;75;113;54;126;47;42;41;65;49;68;46;59
15-11-2007;23:30:00;30;14;67;88;53;106;28;27;22;51;44;43;24;33
15-11-2007;23:45:00;35;14;43;62;39;79;34;24;29;38;44;39;35;44
16-11-2007;00:00:00;20;14;41;70;19;76;16;20;18;33;29;28;22;28
16-11-2007;00:15:00;18;13;30;47;13;61;5;8;8;26;10;17;13;12
16-11-2007;00:30:00;15;13;28;38;23;50;9;12;10;20;19;24;19;20
16-11-2007;00:45:00;14;12;25;26;14;37;7;9;8;17;12;11;11;14
16-11-2007;01:00:00;19;15;33;46;33;56;8;11;11;22;20;22;17;16
16-11-2007;01:15:00;14;12;23;22;20;25;1;1;1;15;17;15;10;12
16-11-2007;01:30:00;12;11;18;26;15;34;4;5;5;8;7;9;9;8
16-11-2007;01:45:00;10;10;13;21;10;22;1;2;1;3;2;2;2;2
16-11-2007;02:00:00;12;12;21;30;12;30;1;1;1;8;10;7;8;9
16-11-2007;02:30:00;14;14;19;22;18;32;2;2;3;8;9;7;7;10
16-11-2007;02:45:00;14;10;10;20;12;20;3;5;4;2;3;2;2;3
16-11-2007;03:15:00;6;6;7;11;6;10;2;2;3;1;1;2;1;1
16-11-2007;03:45:00;12;12;15;33;13;31;5;9;8;8;8;8;9;7
16-11-2007;04:30:00;14;11;15;19;12;19;6;9;8;11;9;9;9;8
16-11-2007;04:45:00;20;15;29;23;22;31;3;4;4;22;21;21;17;14
16-11-2007;05:00:00;24;14;25;49;24;46;9;12;8;19;16;12;15;15
16-11-2007;05:15:00;29;14;38;27;26;39;9;16;13;29;28;24;21;21
16-11-2007;05:30:00;33;15;43;37;38;52;21;22;19;22;29;16;18;26
16-11-2007;05:45:00;59;14;78;41;65;56;32;46;35;54;61;29;34;48
16-11-2007;06:00:00;87;18;97;79;100;85;52;83;50;46;89;66;64;67
16-11-2007;06:15:00;97;22;109;75;107;93;74;90;71;80;99;68;69;107
16-11-2007;06:30:00;164;40;152;121;182;130;109;127;94;102;151;111;113;145
16-11-2007;06:45:00;246;34;238;146;304;168;183;167;120;123;238;106;136;258
16-11-2007;07:00:00;375;68;272;196;444;201;275;293;204;157;422;222;271;394
16-11-2007;07:15:00;375;57;375;193;474;197;345;287;198;189;410;202;217;426
16-11-2007;07:30:00;344;86;390;274;481;270;340;413;296;222;446;289;372;473
16-11-2007;07:45:00;312;117;444;347;453;341;265;486;364;237;441;371;444;460
16-11-2007;08:00:00;367;127;407;341;475;364;289;557;415;237;456;367;471;416
16-11-2007;08:15:00;386;134;443;394;491;284;303;509;380;306;545;448;501;500
16-11-2007;08:30:00;395;113;440;356;449;232;276;445;332;322;498;351;389;470
16-11-2007;08:45:00;266;107;362;312;317;182;257;390;269;210;279;266;272;288
16-11-2007;09:00:00;301;85;309;367;328;277;223;345;255;233;307;284;315;318
16-11-2007;09:15:00;236;61;287;307;303;251;201;262;201;190;299;233;231;279
16-11-2007;09:30:00;215;61;243;259;227;230;125;193;149;168;222;215;208;231
16-11-2007;09:45:00;182;71;262;263;230;270;145;242;191;160;182;216;196;204
16-11-2007;10:00:00;227;64;285;312;264;310;179;254;204;184;247;262;244;242
16-11-2007;10:15:00;221;66;244;273;224;288;165;234;190;196;231;237;239;226
16-11-2007;10:30:00;235;60;300;311;250;290;164;253;180;218;244;261;240;228
16-11-2007;10:45:00;220;70;298;321;247;317;169;263;221;207;242;269;258;236
16-11-2007;11:00:00;200;65;313;313;233;284;172;261;228;194;205;257;239;211
16-11-2007;11:15:00;221;71;301;315;258;310;173;262;215;184;222;256;232;217
16-11-2007;11:30:00;217;93;348;332;286;323;202;278;242;210;265;290;255;257
16-11-2007;11:45:00;244;67;323;353;243;385;157;253;182;219;241;251;231;230
16-11-2007;12:00:00;204;75;303;348;258;334;174;284;212;201;233;249;237;228
16-11-2007;12:15:00;201;84;347;351;228;356;185;273;208;209;233;272;237;241
16-11-2007;12:30:00;276;96;339;394;287;363;214;334;272;264;321;364;343;333
16-11-2007;12:45:00;234;104;344;326;272;339;187;258;234;203;246;287;258;283
16-11-2007;13:00:00;201;87;335;351;256;356;162;271;219;230;252;314;258;246
16-11-2007;13:15:00;240;76;343;370;250;385;184;261;210;221;235;255;234;246
16-11-2007;13:30:00;249;92;343;396;273;409;220;340;283;249;280;311;293;300
16-11-2007;13:45:00;245;100;345;363;275;375;182;262;204;205;242;265;258;261
16-11-2007;14:00:00;259;103;328;375;262;376;201;309;265;206;255;318;278;268
16-11-2007;14:15:00;285;106;331;415;279;409;227;311;247;230;291;336;276;300
16-11-2007;14:30:00;293;122;393;493;310;473;228;386;300;281;382;428;370;368
16-11-2007;14:45:00;297;140;382;442;313;443;252;420;339;261;313;433;392;350
16-11-2007;15:00:00;262;144;424;454;328;447;238;417;323;241;323;409;365;332
16-11-2007;15:15:00;287;140;371;459;340;403;299;452;370;233;407;519;429;431
16-11-2007;15:30:00;328;148;376;466;308;440;304;420;333;214;340;426;360;397
16-11-2007;15:45:00;299;151;449;527;348;466;308;474;377;261;430;526;463;475
16-11-2007;16:00:00;254;133;355;489;318;426;263;448;361;225;378;495;441;412
16-11-2007;16:15:00;254;123;379;492;297;428;262;397;350;200;291;373;318;333
16-11-2007;16:30:00;241;131;355;425;263;379;217;377;300;216;279;382;351;307
16-11-2007;16:45:00;220;109;352;416;255;386;228;348;281;229;265;352;332;302
16-11-2007;17:00:00;171;92;331;352;212;360;184;277;250;189;190;264;234;228
16-11-2007;17:15:00;162;67;339;393;218;335;182;256;209;233;224;276;253;248
16-11-2007;17:30:00;169;47;270;326;174;334;151;190;167;202;181;206;193;218
16-11-2007;17:45:00;181;56;330;411;193;399;145;189;163;201;173;207;187;201
16-11-2007;18:00:00;143;44;306;354;149;327;121;150;136;180;130;157;143;151
16-11-2007;18:15:00;146;40;253;312;135;288;100;120;110;172;122;151;136;154
16-11-2007;18:30:00;113;37;238;276;142;286;108;115;100;145;125;122;104;137
16-11-2007;18:45:00;101;34;219;231;141;233;81;115;111;129;109;140;119;113
16-11-2007;19:00:00;98;29;213;233;121;237;86;103;90;140;88;128;97;92
16-11-2007;19:15:00;93;29;178;201;107;191;73;108;112;135;83;124;106;100
16-11-2007;19:30:00;94;21;151;183;98;188;62;76;70;113;74;106;92;84
16-11-2007;19:45:00;69;16;146;181;81;189;50;67;70;116;99;112;82;72
16-11-2007;20:00:00;58;15;140;171;85;169;53;54;46;89;69;85;59;81
16-11-2007;20:15:00;62;27;110;134;53;135;41;66;55;86;61;81;71;62
16-11-2007;20:30:00;46;20;89;106;47;118;38;42;37;76;61;89;52;60
16-11-2007;20:45:00;41;15;100;108;66;140;40;49;49;84;53;73;53;61
16-11-2007;21:00:00;46;14;93;119;51;114;42;44;49;59;38;53;37;45
16-11-2007;21:15:00;51;15;91;96;47;113;27;43;43;65;34;68;41;48
16-11-2007;21:30:00;87;18;78;107;76;107;44;46;42;75;62;65;43;58
16-11-2007;21:45:00;59;15;79;103;68;103;30;30;30;57;46;50;35;53
16-11-2007;22:00:00;51;15;75;93;64;120;24;33;31;79;47;62;47;45
16-11-2007;22:15:00;64;16;109;112;56;118;42;54;39;99;67;58;49;77
16-11-2007;22:30:00;67;18;100;117;74;119;38;45;34;82;56;57;48;65
16-11-2007;22:45:00;63;15;113;146;78;162;37;58;48;113;52;79;74;66
16-11-2007;23:00:00;46;18;105;119;78;145;43;86;79;79;62;76;80;57
16-11-2007;23:15:00;40;16;100;129;59;139;52;53;59;86;48;82;59;69
16-11-2007;23:30:00;38;17;101;130;45;130;35;61;50;69;40;66;53;46
16-11-2007;23:45:00;33;15;93;125;56;128;36;45;38;63;42;55;33;46
17-11-2007;00:00:00;41;19;81;98;26;109;27;48;49;85;39;65;54;46
17-11-2007;00:15:00;36;15;81;92;42;109;24;37;37;79;44;48;40;39
17-11-2007;00:30:00;25;15;56;85;32;104;26;34;32;50;37;45;46;40
17-11-2007;00:45:00;30;15;65;55;44;91;21;34;27;46;37;40;32;33
17-11-2007;01:00:00;39;14;54;66;37;71;21;31;33;51;40;38;43;38
17-11-2007;01:15:00;24;15;63;65;25;75;11;10;9;45;20;23;15;23
17-11-2007;01:30:00;13;13;61;49;20;69;18;27;21;40;20;19;20;25
17-11-2007;01:45:00;14;14;42;49;14;67;20;19;24;35;13;26;20;18
17-11-2007;02:00:00;15;15;40;59;20;82;9;10;12;28;12;16;12;11
17-11-2007;02:15:00;13;12;33;37;12;49;6;9;6;22;11;11;11;15
17-11-2007;02:30:00;14;12;38;31;20;50;8;5;6;39;24;14;17;24
17-11-2007;02:45:00;15;13;28;37;13;49;1;1;2;6;4;4;4;4
17-11-2007;03:00:00;15;14;28;46;16;65;5;6;8;22;10;13;11;10
17-11-2007;03:15:00;15;14;28;50;16;53;1;1;1;25;12;15;15;14
17-11-2007;03:30:00;8;7;16;21;7;24;3;5;4;9;7;7;8;8
17-11-2007;03:45:00;15;13;16;40;18;45;2;2;3;8;9;8;8;8
17-11-2007;04:00:00;11;11;20;18;14;26;2;3;2;10;8;10;10;9
17-11-2007;04:30:00;16;14;32;34;17;44;4;6;7;28;17;19;20;16
17-11-2007;04:45:00;12;12;21;36;13;46;5;6;6;20;11;13;10;12
17-11-2007;05:00:00;12;11;17;27;13;39;3;2;2;11;9;12;11;11
17-11-2007;05:15:00;15;14;17;39;14;52;5;6;8;13;14;13;17;11
17-11-2007;05:30:00;19;13;40;32;17;52;3;4;4;18;10;12;14;16
17-11-2007;05:45:00;11;10;17;24;11;35;4;6;7;7;4;7;4;4
17-11-2007;06:00:00;17;13;21;30;16;41;8;14;11;19;10;17;20;11
17-11-2007;06:15:00;18;14;22;29;18;33;7;7;7;15;14;11;13;12
17-11-2007;06:30:00;26;15;39;34;22;49;14;10;13;21;18;12;15;25
17-11-2007;06:45:00;32;15;46;31;43;59;16;27;25;24;19;17;23;18
17-11-2007;07:00:00;61;15;59;62;76;71;25;32;28;38;45;28;44;34
17-11-2007;07:15:00;38;15;57;72;63;82;31;22;31;39;43;44;37;48
17-11-2007;07:30:00;44;15;61;58;58;79;37;29;26;39;37;39;40;46
17-11-2007;07:45:00;43;15;76;78;65;87;31;33;25;54;47;61;57;51
17-11-2007;08:00:00;47;15;72;73;59;87;45;47;47;57;51;71;67;53
17-11-2007;08:15:00;40;15;62;85;45;98;23;37;40;46;29;48;55;44
17-11-2007;08:30:00;46;19;69;91;47;104;35;39;34;42;32;51;46;54
17-11-2007;08:45:00;54;19;103;102;66;112;49;61;54;63;51;63;67;58
17-11-2007;09:00:00;68;18;119;121;81;123;66;69;50;73;74;69;72;82
17-11-2007;09:15:00;63;12;122;110;79;128;53;75;71;74;62;84;89;68
17-11-2007;09:30:00;80;15;120;125;86;140;46;66;51;85;64;78;71;90
17-11-2007;09:45:00;94;18;168;174;99;157;79;89;77;104;78;97;100;75
17-11-2007;10:00:00;111;24;216;205;96;195;81;111;88;130;89;116;108;106
17-11-2007;10:15:00;117;22;232;231;127;203;99;132;109;139;102;122;116;132
17-11-2007;10:30:00;114;23;225;242;117;248;84;120;109;145;125;132;136;124
17-11-2007;10:45:00;120;30;230;285;120;267;83;129;103;132;97;137;129;107
17-11-2007;11:00:00;130;39;291;313;152;274;100;173;157;163;116;186;162;130
17-11-2007;11:15:00;164;35;324;347;184;313;123;176;141;175;149;152;153;158
17-11-2007;11:30:00;129;23;306;346;154;308;109;152;136;180;127;159;140;148
17-11-2007;11:45:00;149;33;339;346;167;309;133;197;174;184;151;184;187;160
17-11-2007;12:00:00;171;46;359;347;186;305;139;186;162;209;151;185;167;161
17-11-2007;12:15:00;171;25;341;394;153;325;127;181;173;218;159;184;174;170
17-11-2007;12:30:00;162;35;382;386;215;357;164;215;194;206;204;215;195;225
17-11-2007;12:45:00;138;32;357;368;213;352;147;178;163;221;197;195;190;208
17-11-2007;13:00:00;166;35;406;345;199;356;176;189;157;220;188;181;162;217
17-11-2007;13:15:00;181;32;392;394;198;357;144;196;167;259;220;248;230;255
17-11-2007;13:30:00;152;41;357;370;156;362;140;189;162;208;149;176;164;180
17-11-2007;13:45:00;201;38;358;367;201;319;143;190;156;199;160;182;161;178
17-11-2007;14:00:00;202;35;328;331;202;308;140;184;149;225;185;198;185;169
17-11-2007;14:15:00;178;50;378;418;181;388;135;190;159;199;161;215;188;175
17-11-2007;14:30:00;162;37;328;351;178;323;129;169;145;206;174;180;174;187
17-11-2007;14:45:00;174;31;351;353;210;338;125;198;170;176;150;161;168;171
17-11-2007;15:00:00;157;30;294;325;202;339;142;165;148;184;175;154;166;200
17-11-2007;15:15:00;150;42;311;352;155;303;135;182;154;190;167;206;167;185
17-11-2007;15:30:00;156;48;308;324;192;326;146;167;157;169;175;187;160;182
17-11-2007;15:45:00;132;28;280;294;155;254;119;139;125;171;133;159;136;153
17-11-2007;16:00:00;165;33;253;285;158;283;107;140;116;180;163;173;153;173
17-11-2007;16:15:00;117;41;240;275;141;283;128;144;119;162;133;147;141;162
17-11-2007;16:30:00;118;37;262;265;125;253;122;123;110;153;125;153;121;144
17-11-2007;16:45:00;113;40;231;262;129;260;102;125;116;141;117;151;120;113
17-11-2007;17:00:00;87;22;221;229;123;247;91;96;90;129;115;103;90;130
17-11-2007;17:15:00;97;30;269;197;125;227;105;113;96;149;115;114;91;129
17-11-2007;17:30:00;115;31;240;217;119;226;100;112;102;151;100;113;103;118
17-11-2007;17:45:00;108;16;215;163;122;173;99;121;112;140;122;105;94;135
17-11-2007;18:00:00;99;24;207;208;111;218;75;136;121;146;102;112;98;110
17-11-2007;18:15:00;80;15;185;198;111;225;83;96;86;134;89;84;77;108
17-11-2007;18:30:00;54;18;150;151;83;175;64;91;81;109;71;108;82;83
17-11-2007;18:45:00;64;16;141;149;88;157;45;58;47;90;64;73;59;73
17-11-2007;19:00:00;70;15;79;142;83;147;39;72;62;72;74;82;73;56
17-11-2007;19:15:00;54;17;106;132;65;141;38;53;52;88;49;77;72;62
17-11-2007;19:30:00;53;14;101;97;53;119;40;58;46;85;46;72;62;51
17-11-2007;19:45:00;65;15;84;122;64;139;39;42;36;73;51;55;45;56
17-11-2007;20:00:00;38;14;100;83;51;109;31;26;33;82;40;43;37;46
17-11-2007;20:15:00;45;15;90;94;60;127;34;40;38;69;45;55;47;49
17-11-2007;20:30:00;42;15;84;80;46;84;26;41;38;72;35;57;40;42
17-11-2007;20:45:00;28;17;78;71;42;93;30;27;36;75;43;56;36;57
17-11-2007;21:00:00;43;17;80;93;46;113;27;31;24;67;42;47;48;40
17-11-2007;21:15:00;30;15;89;87;44;95;37;32;34;53;39;43;30;40
17-11-2007;21:30:00;51;15;91;107;56;113;37;34;30;72;52;49;40;41
17-11-2007;21:45:00;52;13;98;101;58;115;37;43;44;79;53;48;43;21
17-11-2007;22:00:00;56;10;91;95;60;119;44;54;45;75;56;60;54;29
17-11-2007;22:15:00;47;11;103;120;54;116;35;63;55;73;37;58;56;32
17-11-2007;22:30:00;35;15;97;110;57;120;29;55;50;69;39;52;44;37
17-11-2007;22:45:00;56;15;105;102;72;116;31;55;49;74;45;59;54;37
17-11-2007;23:00:00;54;15;96;116;91;130;31;63;71;76;49;75;79;31
17-11-2007;23:15:00;49;22;107;125;54;140;60;66;69;102;59;94;67;46
17-11-2007;23:30:00;53;15;91;104;55;109;51;46;35;71;57;52;37;39
17-11-2007;23:45:00;43;14;91;116;65;129;55;64;61;79;63;75;58;44
18-11-2007;00:00:00;27;15;91;93;55;115;34;34;28;74;46;48;38;36
18-11-2007;00:15:00;22;14;71;86;53;106;32;34;31;62;31;35;24;31
18-11-2007;00:30:00;25;15;67;89;53;112;33;35;33;50;36;34;33;33
18-11-2007;00:45:00;32;15;70;93;40;111;27;37;34;67;30;48;42;36
18-11-2007;01:00:00;28;16;57;78;39;80;27;39;36;41;31;38;39;45
18-11-2007;01:15:00;27;15;48;57;29;83;24;33;26;40;23;31;22;36
18-11-2007;01:30:00;29;15;60;73;26;86;12;13;13;48;25;25;23;32
18-11-2007;01:45:00;16;13;41;53;19;67;9;16;17;34;12;17;19;13
18-11-2007;02:00:00;16;14;35;45;17;52;8;16;13;25;16;22;20;14
18-11-2007;02:15:00;19;14;35;60;19;79;8;12;11;30;16;25;28;19
18-11-2007;02:30:00;22;15;39;63;25;73;10;7;10;29;17;15;15;14
18-11-2007;02:45:00;17;14;31;64;18;72;7;11;8;23;15;15;15;17
18-11-2007;03:00:00;12;12;44;46;19;67;5;5;4;31;14;12;15;14
18-11-2007;03:15:00;18;14;37;40;16;57;2;3;2;19;14;9;9;12
18-11-2007;03:30:00;21;14;39;44;18;58;2;2;3;14;7;6;6;6
18-11-2007;03:45:00;18;13;32;40;16;50;7;4;5;7;5;4;4;6
18-11-2007;04:00:00;15;14;39;33;14;48;3;2;2;17;7;8;8;9
18-11-2007;04:15:00;12;10;20;20;12;31;1;1;2;14;7;7;7;8
18-11-2007;04:30:00;11;11;23;27;13;42;1;1;1;11;7;7;8;9
18-11-2007;04:45:00;13;13;19;36;14;52;1;2;1;3;2;2;2;2
18-11-2007;05:00:00;15;15;44;41;15;49;2;2;3;20;6;6;6;7
18-11-2007;05:15:00;11;11;20;32;13;43;3;3;4;17;12;14;15;13
18-11-2007;05:45:00;15;14;20;31;15;47;2;2;3;16;9;11;12;9
18-11-2007;06:00:00;13;13;17;28;13;37;7;8;14;13;8;10;11;8
18-11-2007;06:15:00;9;9;16;18;10;29;4;4;6;7;5;6;5;7
18-11-2007;06:30:00;19;13;24;26;20;39;11;10;11;22;25;14;13;21
18-11-2007;06:45:00;17;13;32;23;29;42;4;5;8;23;11;11;17;13
18-11-2007;07:00:00;49;15;48;44;87;56;17;23;26;23;35;27;36;23
18-11-2007;07:15:00;28;14;30;37;35;43;20;18;19;29;28;40;28;32
18-11-2007;07:30:00;23;13;39;44;32;55;17;18;20;35;32;43;28;36
18-11-2007;07:45:00;39;15;36;55;34;56;21;26;23;40;31;34;29;30
18-11-2007;08:00:00;41;15;51;44;44;51;26;31;24;50;45;46;45;51
18-11-2007;08:15:00;30;15;39;43;36;46;17;23;25;36;21;24;29;26
18-11-2007;08:30:00;29;15;48;36;26;39;13;14;16;45;23;35;44;24
18-11-2007;08:45:00;36;14;49;50;31;59;31;49;39;54;29;35;39;42
18-11-2007;09:00:00;45;15;73;51;54;74;42;32;38;65;35;47;52;55
18-11-2007;09:15:00;27;14;39;58;40;75;33;42;38;52;29;69;69;46
18-11-2007;09:30:00;44;14;76;64;47;85;41;37;29;79;43;58;54;62
18-11-2007;09:45:00;71;16;99;102;64;99;40;39;31;75;51;68;72;64
18-11-2007;10:00:00;95;16;129;123;92;130;62;63;62;85;80;76;93;86
18-11-2007;10:15:00;83;22;115;113;70;131;56;69;54;112;53;80;86;69
18-11-2007;10:30:00;68;17;132;124;85;140;59;68;66;92;59;70;78;80
18-11-2007;10:45:00;87;20;139;168;80;181;56;90;67;119;68;83;96;77
18-11-2007;11:00:00;83;28;168;181;106;180;76;105;95;111;101;126;117;121
18-11-2007;11:15:00;113;25;151;162;105;179;81;91;80;115;83;100;79;99
18-11-2007;11:30:00;114;30;169;169;104;160;77;101;89;108;90;105;104;108
18-11-2007;11:45:00;99;28;199;163;109;190;89;116;92;143;105;101;99;108
18-11-2007;12:00:00;105;20;183;208;114;221;100;121;96;131;109;123;115;118
18-11-2007;12:15:00;103;26;223;189;122;199;102;121;103;139;101;115;100;134
18-11-2007;12:30:00;121;30;186;198;133;211;100;107;97;137;132;139;136;146
18-11-2007;12:45:00;121;34;199;193;121;223;110;123;111;136;114;141;126;135
18-11-2007;13:00:00;151;29;235;228;140;238;103;130;110;166;118;137;122;117
18-11-2007;13:15:00;142;34;221;214;136;233;101;136;114;151;116;145;132;123
18-11-2007;13:30:00;112;29;204;210;129;213;110;115;98;139;119;132;120;139
18-11-2007;13:45:00;143;24;223;218;158;230;104;106;94;143;145;129;134;155
18-11-2007;14:00:00;120;24;232;234;135;256;112;146;131;161;127;171;168;156
18-11-2007;14:15:00;115;24;244;220;154;258;116;138;123;151;124;140;140;143
18-11-2007;14:30:00;112;31;202;230;123;240;76;100;97;125;86;132;127;109
18-11-2007;14:45:00;150;35;231;240;161;235;117;150;133;136;112;145;143;141
18-11-2007;15:00:00;122;31;238;237;148;254;94;115;98;153;127;146;148;142
18-11-2007;15:15:00;94;40;177;209;114;216;85;134;115;153;122;187;156;130
18-11-2007;15:30:00;149;48;205;222;146;235;119;138;131;160;143;167;138;144
18-11-2007;15:45:00;124;30;183;194;111;211;115;129;105;152;126;138;122;142
18-11-2007;16:00:00;117;23;184;206;126;218;104;121;109;137;118;130;116;150
18-11-2007;16:15:00;100;31;173;226;109;234;108;122;120;150;116;148;125;145
18-11-2007;16:30:00;121;29;155;243;97;234;75;114;110;152;94;152;131;95
18-11-2007;16:45:00;109;26;180;223;93;244;76;100;92;148;102;123;101;109
18-11-2007;17:00:00;107;25;164;212;106;220;89;121;108;133;95;116;104;107
18-11-2007;17:15:00;101;25;197;170;117;192;96;98;85;166;140;123;103;154
18-11-2007;17:30:00;86;20;202;173;104;192;94;89;84;159;111;109;98;126
18-11-2007;17:45:00;94;25;169;194;110;222;80;97;89;125;93;101;95;92
18-11-2007;18:00:00;101;18;164;175;108;176;76;91;78;123;107;105;91;100
18-11-2007;18:15:00;78;21;130;164;95;189;56;62;58;107;75;89;76;80
18-11-2007;18:30:00;58;29;137;184;69;189;44;69;73;97;59;91;78;67
18-11-2007;18:45:00;72;19;129;139;85;163;63;76;64;97;68;59;55;66
18-11-2007;19:00:00;65;15;121;143;78;163;49;52;53;99;55;68;64;70
18-11-2007;19:15:00;87;15;130;152;81;149;60;67;62;108;61;76;57;65
18-11-2007;19:30:00;63;17;115;139;58;172;38;52;48;88;60;69;70;65
18-11-2007;19:45:00;64;18;104;145;79;154;50;64;59;103;67;83;69;77
18-11-2007;20:00:00;51;18;81;125;43;151;32;54;46;90;32;73;63;50
18-11-2007;20:15:00;37;13;74;88;49;109;44;40;39;58;47;58;34;48
18-11-2007;20:30:00;52;16;79;97;49;115;37;28;24;79;56;52;43;60
18-11-2007;20:45:00;39;16;90;81;43;92;24;37;32;76;35;47;46;29
18-11-2007;21:00:00;34;15;68;84;42;102;13;19;20;49;27;38;31;26
18-11-2007;21:15:00;45;14;72;99;53;125;42;40;39;60;44;42;36;47
18-11-2007;21:30:00;50;19;81;106;58;111;34;44;37;65;46;48;48;53
18-11-2007;21:45:00;65;14;80;111;44;100;39;43;41;64;46;50;36;49
18-11-2007;22:00:00;50;18;75;96;46;114;24;27;30;62;49;46;46;44
18-11-2007;22:15:00;32;16;73;97;41;105;31;50;49;60;35;68;62;46
18-11-2007;22:30:00;40;15;64;93;31;86;29;38;36;59;36;43;39;36
18-11-2007;22:45:00;52;16;56;85;63;107;19;39;29;45;30;41;45;25
18-11-2007;23:00:00;35;15;56;76;44;89;17;19;23;29;22;27;25;25
18-11-2007;23:15:00;39;15;64;76;40;97;22;25;26;58;45;55;32;36
18-11-2007;23:30:00;21;15;36;52;24;64;16;19;22;28;31;34;24;27
18-11-2007;23:45:00;25;15;32;65;30;72;21;20;24;23;34;32;20;32
19-11-2007;00:00:00;16;14;29;41;24;50;19;19;22;17;31;18;15;30
19-11-2007;00:15:00;19;14;28;37;25;55;15;17;15;16;18;13;10;26
19-11-2007;00:30:00;16;13;23;38;18;60;10;9;11;19;22;17;17;18
19-11-2007;00:45:00;11;11;11;17;12;31;2;2;3;9;10;12;9;9
19-11-2007;01:00:00;13;13;15;25;13;34;1;1;2;10;9;8;9;8
19-11-2007;01:15:00;17;14;16;25;16;40;3;3;4;5;7;5;5;5
19-11-2007;02:00:00;9;9;15;13;9;17;2;2;3;2;2;2;2;3
19-11-2007;02:15:00;11;10;12;25;11;22;2;3;2;5;8;5;5;7
19-11-2007;02:45:00;11;11;16;15;11;24;3;2;2;5;8;5;5;6
19-11-2007;04:00:00;15;11;14;16;13;21;1;1;1;3;2;2;2;2
19-11-2007;04:45:00;22;13;18;29;22;43;6;8;7;10;17;10;12;15
19-11-2007;05:00:00;20;13;36;24;21;27;12;14;13;27;23;15;14;18
19-11-2007;05:15:00;25;13;32;26;27;37;11;6;6;30;26;21;22;26
19-11-2007;05:30:00;37;15;40;29;44;34;16;26;27;33;35;35;37;32
19-11-2007;05:45:00;59;18;78;59;55;66;25;42;33;55;51;33;40;50
19-11-2007;06:00:00;87;17;96;65;101;83;64;85;56;70;100;54;65;99
19-11-2007;06:15:00;108;16;112;94;105;89;66;107;89;71;78;78;85;90
19-11-2007;06:30:00;159;26;182;123;204;136;116;159;112;106;170;113;125;157
19-11-2007;06:45:00;268;49;263;142;323;163;197;181;121;148;257;127;146;261
19-11-2007;07:00:00;341;65;283;218;404;207;252;334;211;138;325;197;240;329
19-11-2007;07:15:00;360;72;367;233;420;224;308;335;246;212;385;237;277;399
19-11-2007;07:30:00;390;102;393;274;464;281;329;419;296;243;460;319;426;478
19-11-2007;07:45:00;391;118;387;320;483;314;341;442;327;206;422;292;365;418
19-11-2007;08:00:00;356;129;420;390;460;391;274;540;388;258;431;365;456;381
19-11-2007;08:15:00;407;126;402;368;438;364;284;538;383;282;441;372;456;405
19-11-2007;08:30:00;411;104;422;350;418;306;295;443;331;226;380;289;332;375
19-11-2007;08:45:00;375;94;375;308;398;315;286;426;305;239;360;282;313;346
19-11-2007;09:00:00;324;99;376;321;326;314;240;404;324;251;325;334;370;322
19-11-2007;09:15:00;234;87;291;280;288;253;221;306;220;200;274;268;273;295
19-11-2007;09:30:00;255;83;297;313;286;276;199;291;243;162;234;253;243;240
19-11-2007;09:45:00;231;62;291;257;292;257;185;293;224;178;238;227;223;249
19-11-2007;10:00:00;268;79;272;297;289;312;191;301;236;253;303;300;280;302
19-11-2007;10:15:00;251;68;258;274;276;282;176;235;198;187;232;234;212;233
19-11-2007;10:30:00;215;58;295;278;277;294;165;241;193;160;225;200;199;223
19-11-2007;10:45:00;267;80;347;314;282;301;193;264;209;226;261;271;234;258
19-11-2007;11:00:00;220;70;312;315;252;321;168;281;224;224;249;280;264;250
19-11-2007;11:15:00;217;75;307;284;256;318;160;245;197;205;243;270;230;224
19-11-2007;11:30:00;236;69;330;318;247;293;169;222;178;244;238;251;224;253
19-11-2007;11:45:00;250;53;271;338;278;341;218;266;210;238;297;268;234;294
19-11-2007;12:00:00;211;59;286;320;245;324;168;225;177;174;224;226;200;223
19-11-2007;12:15:00;204;88;322;313;249;321;170;247;196;218;276;302;251;252
19-11-2007;12:30:00;210;74;302;317;272;321;209;254;235;237;300;302;272;314
19-11-2007;12:45:00;248;67;331;375;260;374;208;274;222;188;246;275;238;263
19-11-2007;13:00:00;217;65;329;364;266;337;177;288;227;188;236;251;235;225
19-11-2007;13:15:00;212;77;309;305;238;331;164;267;198;190;213;246;227;233
19-11-2007;13:30:00;220;64;279;358;234;335;165;245;195;206;225;249;232;231
19-11-2007;13:45:00;284;85;333;397;321;397;208;330;247;225;310;303;296;305
19-11-2007;14:00:00;236;89;281;414;237;360;160;306;219;168;228;283;246;225
19-11-2007;14:15:00;260;99;326;404;265;375;201;285;228;200;268;312;260;273
19-11-2007;14:30:00;216;83;348;421;247;411;184;333;253;211;248;316;266;250
19-11-2007;14:45:00;249;109;332;429;299;430;230;332;292;206;290;350;308;320
19-11-2007;15:00:00;276;125;365;496;302;437;242;394;334;212;292;381;338;325
19-11-2007;15:15:00;304;148;393;488;297;427;262;399;316;233;348;435;318;370
19-11-2007;15:30:00;240;166;453;529;278;390;280;494;395;267;354;523;445;387
19-11-2007;15:45:00;265;154;408;471;309;352;274;448;342;210;329;444;370;364
19-11-2007;16:00:00;297;161;335;496;299;374;249;465;350;212;295;434;396;336
19-11-2007;16:15:00;388;155;405;465;339;336;302;454;341;208;354;419;387;416
19-11-2007;16:30:00;330;156;426;490;362;390;286;440;332;244;359;422;378;421
19-11-2007;16:45:00;251;122;366;452;284;338;225;314;253;211;280;357;332;344
19-11-2007;17:00:00;236;102;345;453;266;343;229;326;256;203;255;301;284;316
19-11-2007;17:15:00;163;92;317;396;224;357;158;244;218;197;225;311;301;276
19-11-2007;17:30:00;162;73;317;346;212;339;174;235;210;191;191;232;207;232
19-11-2007;17:45:00;213;65;344;371;226;349;149;236;212;201;200;238;236;224
19-11-2007;18:00:00;131;51;262;347;182;318;151;188;166;164;161;243;211;199
19-11-2007;18:15:00;144;51;272;289;172;290;146;165;146;185;192;217;187;211
19-11-2007;18:30:00;141;26;244;261;149;256;118;134;112;166;152;172;167;175
19-11-2007;18:45:00;142;32;210;244;150;230;101;120;109;133;123;134;129;126
19-11-2007;19:00:00;93;28;230;204;112;218;70;94;88;129;111;126;107;110
19-11-2007;19:15:00;105;34;185;196;108;188;75;87;80;127;110;134;109;101
19-11-2007;19:30:00;88;18;175;201;95;203;86;87;72;138;93;108;89;118
19-11-2007;19:45:00;88;15;145;159;89;152;66;89;77;125;93;102;92;93
19-11-2007;20:00:00;66;22;131;139;95;166;61;63;66;95;89;90;81;106
19-11-2007;20:15:00;69;17;121;113;71;128;55;77;69;98;69;104;75;67
19-11-2007;20:30:00;62;22;106;130;66;158;56;61;46;91;71;58;45;63
19-11-2007;20:45:00;56;26;88;134;62;164;45;65;60;71;71;75;49;56
19-11-2007;21:00:00;61;16;99;137;60;150;43;57;62;78;45;77;56;57
19-11-2007;21:15:00;48;16;101;110;60;135;29;37;32;77;58;60;40;51
19-11-2007;21:30:00;60;15;102;105;61;124;38;52;49;91;62;82;57;65
19-11-2007;21:45:00;94;15;82;135;72;118;56;42;41;80;69;59;41;81
19-11-2007;22:00:00;50;16;96;128;59;139;43;42;38;75;63;64;64;74
19-11-2007;22:15:00;53;16;79;139;59;154;48;67;65;63;56;56;54;60
19-11-2007;22:30:00;37;16;98;115;51;122;32;41;42;69;52;69;58;65
19-11-2007;22:45:00;54;17;63;101;64;117;30;43;39;66;37;50;48;44
19-11-2007;23:00:00;40;18;90;84;63;91;40;48;46;51;51;44;48;47
19-11-2007;23:15:00;41;19;62;93;55;101;19;31;31;54;44;70;49;50
19-11-2007;23:30:00;26;17;66;90;30;85;22;30;26;45;30;46;31;26
19-11-2007;23:45:00;31;15;39;82;36;73;31;22;23;28;44;42;22;45
20-11-2007;00:00:00;16;15;38;53;31;66;16;22;20;25;26;32;21;31
20-11-2007;00:15:00;18;15;33;40;18;55;7;9;7;25;19;19;14;21
20-11-2007;00:30:00;17;15;31;44;19;61;9;12;9;26;18;15;18;17
20-11-2007;00:45:00;14;11;16;26;17;29;10;11;12;10;11;10;10;12
20-11-2007;01:00:00;20;14;14;34;21;39;9;9;13;11;15;11;12;13
20-11-2007;01:15:00;15;13;15;32;21;36;6;6;7;6;11;6;6;8
20-11-2007;01:30:00;12;12;17;18;14;27;3;2;2;5;7;5;6;7
20-11-2007;02:00:00;11;10;16;12;13;22;2;2;3;5;6;4;4;4
20-11-2007;02:45:00;9;8;9;12;8;17;2;3;2;3;2;2;2;2
20-11-2007;03:00:00;11;11;12;19;12;18;2;3;2;2;3;2;2;2
20-11-2007;03:45:00;12;11;18;12;11;15;2;2;3;2;2;2;3;2
20-11-2007;04:30:00;19;14;35;24;19;31;2;1;1;12;8;7;7;8
20-11-2007;04:45:00;14;12;23;26;16;38;7;7;7;19;15;19;13;14
20-11-2007;05:00:00;20;14;34;29;26;41;10;7;11;18;24;19;17;23
20-11-2007;05:15:00;30;15;29;19;26;31;6;6;4;19;14;11;13;19
20-11-2007;05:30:00;29;14;37;30;31;36;11;17;13;27;30;28;27;23
20-11-2007;05:45:00;55;15;80;54;62;68;32;50;33;55;55;30;33;45
20-11-2007;06:00:00;98;25;99;77;105;91;50;103;71;82;108;88;88;82
20-11-2007;06:15:00;92;19;132;102;101;92;69;90;61;89;90;67;76;120
20-11-2007;06:30:00;168;28;174;116;204;139;115;150;105;116;160;93;113;154
20-11-2007;06:45:00;261;42;245;153;322;187;208;223;165;136;248;130;161;254
20-11-2007;07:00:00;340;73;296;241;382;223;263;330;229;172;307;200;259;310
20-11-2007;07:15:00;363;61;354;254;421;232;300;301;218;181;382;225;273;414
20-11-2007;07:30:00;312;94;340;246;438;243;290;378;271;188;404;279;336;408
20-11-2007;07:45:00;301;120;470;336;529;355;373;508;362;229;454;317;391;442
20-11-2007;08:00:00;390;128;442;381;454;424;286;547;399;272;423;370;473;371
20-11-2007;08:15:00;372;116;323;373;419;362;275;515;383;238;364;315;389;332
20-11-2007;08:30:00;316;119;418;338;390;326;259;462;345;241;381;352;406;357
20-11-2007;08:45:00;359;107;413;332;382;337;272;432;337;256;344;310;355;352
20-11-2007;09:00:00;298;93;341;325;317;277;219;366;269;227;309;287;322;309
20-11-2007;09:15:00;293;79;329;310;344;302;223;316;240;242;375;307;310;348
20-11-2007;09:30:00;215;65;242;247;250;272;178;260;195;172;258;230;236;250
20-11-2007;09:45:00;213;59;282;247;262;253;171;281;200;197;253;264;257;255
20-11-2007;10:00:00;210;78;299;313;249;279;152;265;207;180;204;252;233;193
20-11-2007;10:15:00;185;62;263;270;223;245;151;240;189;193;232;248;231;236
20-11-2007;10:30:00;246;79;306;291;273;256;193;271;236;208;252;269;244;243
20-11-2007;10:45:00;228;59;300;302;264;290;159;229;203;219;267;263;261;254
20-11-2007;11:00:00;195;74;296;292;238;296;168;244;197;192;228;265;233;227
20-11-2007;11:15:00;236;69;302;328;232;304;170;249;198;174;225;215;204;220
20-11-2007;11:30:00;238;65;311;336;259;350;183;264;201;194;239;241;220;260
20-11-2007;11:45:00;199;80;277;334;239;342;174;275;237;197;237;299;282;246
20-11-2007;12:00:00;193;73;284;304;216;277;159;266;212;213;210;280;260;217
20-11-2007;12:15:00;205;63;300;312;224;300;178;229;191;196;226;222;197;217
20-11-2007;12:30:00;260;77;321;348;278;336;204;283;223;200;256;266;231;254
20-11-2007;12:45:00;225;71;312;302;275;323;214;270;217;205;264;268;257;292
20-11-2007;13:00:00;240;69;282;334;284;320;192;290;228;176;263;251;238;243
20-11-2007;13:15:00;237;65;306;385;259;355;178;267;208;217;252;277;258;250
20-11-2007;13:30:00;271;77;351;374;307;363;210;287;230;223;297;321;294;324
20-11-2007;13:45:00;237;79;302;340;272;332;183;254;214;168;254;269;245;263
20-11-2007;14:00:00;264;81;341;386;279;367;194;287;207;200;259;296;249;259
20-11-2007;14:15:00;254;98;304;386;285;392;236;271;224;211;268;304;235;307
20-11-2007;14:30:00;211;108;299;396;244;371;203;348;278;206;262;342;289;291
20-11-2007;14:45:00;258;118;332;425;309;441;229;373;325;213;297;405;356;325
20-11-2007;15:00:00;272;112;340;412;280;399;225;334;270;216;279;323;290;301
20-11-2007;15:15:00;294;118;389;436;282;421;255;359;293;228;347;398;320;348
20-11-2007;15:30:00;342;158;416;484;328;464;304;498;370;262;449;527;403;418
20-11-2007;15:45:00;313;151;401;510;317;452;283;464;367;257;378;499;405;417
20-11-2007;16:00:00;233;156;364;452;313;415;250;446;338;219;319;402;357;352
20-11-2007;16:15:00;376;150;421;452;376;457;329;412;325;205;352;428;385;418
20-11-2007;16:30:00;280;151;307;449;350;418;301;465;376;140;335;435;397;396
20-11-2007;16:45:00;315;144;363;432;291;412;272;414;337;205;357;408;397;417
20-11-2007;17:00:00;290;112;326;409;328;385;245;332;266;171;292;347;310;347
20-11-2007;17:15:00;225;93;331;381;249;378;258;312;262;259;314;353;307;389
20-11-2007;17:30:00;205;76;319;380;217;361;186;251;218;222;233;321;290;274
20-11-2007;17:45:00;190;67;314;338;204;334;174;194;154;223;232;226;215;284
20-11-2007;18:00:00;178;61;242;328;168;324;140;191;167;218;198;242;249;233
20-11-2007;18:15:00;177;46;249;317;150;287;128;159;140;189;159;199;182;205
20-11-2007;18:30:00;144;47;234;287;165;316;125;177;150;180;150;176;177;205
20-11-2007;18:45:00;136;34;227;236;154;250;130;154;129;125;151;152;132;182
20-11-2007;19:00:00;126;36;230;238;145;239;113;169;150;145;130;169;158;148
20-11-2007;19:15:00;105;29;211;209;121;219;97;113;98;157;140;163;136;141
20-11-2007;19:30:00;107;17;181;168;102;171;76;113;99;143;89;109;112;107
20-11-2007;19:45:00;97;28;138;185;94;178;53;99;88;103;90;133;117;97
20-11-2007;20:00:00;71;22;154;164;98;170;58;66;63;131;91;136;103;104
20-11-2007;20:15:00;67;30;125;140;76;138;57;79;77;90;73;115;91;85
20-11-2007;20:30:00;56;26;108;129;71;159;53;63;51;95;86;80;71;105
20-11-2007;20:45:00;61;23;103;109;76;122;59;72;62;93;83;88;73;82
20-11-2007;21:00:00;58;26;92;133;69;134;49;76;70;75;55;84;63;62
20-11-2007;21:15:00;76;16;117;125;74;141;33;44;38;81;52;64;50;67
20-11-2007;21:30:00;95;18;109;143;74;142;65;69;61;95;74;69;60;92
20-11-2007;21:45:00;91;17;125;159;72;147;59;59;65;95;70;84;72;85
20-11-2007;22:00:00;53;19;95;123;54;139;49;56;49;89;63;63;62;73
20-11-2007;22:15:00;56;15;93;122;45;130;33;44;46;78;56;61;48;62
20-11-2007;22:30:00;57;15;94;119;58;118;41;51;52;56;39;41;43;40
20-11-2007;22:45:00;49;15;89;115;72;139;34;38;37;57;45;45;45;45
20-11-2007;23:00:00;52;15;84;99;72;125;30;46;38;64;64;46;42;52
20-11-2007;23:15:00;46;15;69;116;48;123;35;38;32;55;39;67;41;54
20-11-2007;23:30:00;29;14;49;82;28;104;22;29;26;54;41;46;33;45
20-11-2007;23:45:00;36;14;35;70;31;75;17;23;24;32;37;34;25;32
21-11-2007;00:00:00;16;14;31;55;18;65;13;19;20;29;21;42;29;32
21-11-2007;00:15:00;16;13;33;40;19;52;10;9;9;22;19;20;14;22
21-11-2007;00:30:00;15;13;16;30;13;46;5;6;7;11;8;12;9;8
21-11-2007;00:45:00;14;13;16;33;21;49;4;4;3;10;12;9;8;11
21-11-2007;01:00:00;12;12;21;30;13;38;2;2;3;13;9;12;11;10
21-11-2007;01:15:00;11;11;21;19;16;35;4;5;5;12;12;11;12;14
21-11-2007;01:30:00;10;10;11;18;10;26;4;4;8;4;4;7;5;4
21-11-2007;02:15:00;13;13;13;33;16;29;2;2;3;6;7;8;7;6
21-11-2007;02:30:00;7;7;8;10;7;11;2;2;3;2;2;3;2;2
21-11-2007;03:00:00;6;6;8;6;8;14;2;2;3;4;5;4;4;5
21-11-2007;04:00:00;14;13;20;23;17;29;5;3;3;9;9;6;7;8
21-11-2007;04:15:00;16;11;20;15;14;19;1;1;1;10;9;7;6;6
21-11-2007;04:30:00;17;12;15;25;16;30;2;3;2;6;6;6;5;7
21-11-2007;04:45:00;21;13;24;28;22;26;6;7;5;16;11;24;17;12
21-11-2007;05:00:00;28;14;31;43;25;39;1;1;1;13;20;13;12;11
21-11-2007;05:15:00;34;13;33;22;21;32;10;6;8;23;24;21;22;23
21-11-2007;05:30:00;25;12;39;16;29;25;14;15;13;34;23;20;18;31
21-11-2007;05:45:00;53;15;83;45;65;59;36;62;37;66;59;38;35;60
21-11-2007;06:00:00;90;19;105;75;106;83;59;82;62;67;93;67;69;83
21-11-2007;06:15:00;99;22;115;86;109;87;71;107;76;88;103;82;93;110
21-11-2007;06:30:00;152;38;199;113;179;122;114;155;120;117;166;104;131;175
21-11-2007;06:45:00;250;57;273;187;331;212;214;218;159;158;275;148;189;284
21-11-2007;07:00:00;293;80;340;257;434;255;271;366;258;189;384;245;305;400
21-11-2007;07:15:00;288;62;336;226;375;226;277;280;192;160;311;188;222;350
21-11-2007;07:30:00;344;95;400;288;434;284;290;406;303;213;356;274;354;364
21-11-2007;07:45:00;354;120;404;289;466;332;294;467;336;216;395;293;385;402
21-11-2007;08:00:00;313;123;371;371;489;403;273;538;381;242;459;358;457;402
21-11-2007;08:15:00;376;118;366;368;443;339;288;489;378;229;411;337;394;375
21-11-2007;08:30:00;418;140;440;381;420;344;291;535;407;251;391;385;432;373
21-11-2007;08:45:00;342;103;287;286;340;269;242;393;304;198;303;278;304;316
21-11-2007;09:00:00;313;103;354;364;373;325;222;414;314;241;347;349;376;304
21-11-2007;09:15:00;234;68;266;252;239;244;162;276;210;173;221;228;236;217
21-11-2007;09:30:00;243;70;273;229;273;243;194;271;197;183;256;233;207;250
21-11-2007;09:45:00;244;58;295;262;270;236;178;249;187;196;260;211;209;254
21-11-2007;10:00:00;238;68;326;279;268;278;169;317;247;201;267;261;271;253
21-11-2007;10:15:00;227;52;268;254;236;256;162;221;176;200;224;217;202;232
21-11-2007;10:30:00;198;72;276;291;237;280;143;246;178;167;211;232;217;203
21-11-2007;10:45:00;250;70;267;287;264;276;164;266;214;186;277;248;247;270
21-11-2007;11:00:00;200;78;313;363;255;359;170;273;224;195;256;261;245;245
21-11-2007;11:15:00;198;62;307;305;226;311;155;224;191;210;227;237;232;241
21-11-2007;11:30:00;192;69;287;328;225;325;158;263;201;179;211;236;228;215
21-11-2007;11:45:00;196;70;278;293;260;301;172;241;204;207;290;281;248;273
21-11-2007;12:00:00;211;82;363;338;273;331;202;296;241;229;279;284;258;285
21-11-2007;12:15:00;197;75;286;338;226;332;195;280;211;217;245;274;239;272
21-11-2007;12:30:00;211;65;277;306;238;295;179;270;207;193;244;265;253;262
21-11-2007;12:45:00;178;90;311;313;261;338;188;308;249;202;228;261;253;235
21-11-2007;13:00:00;223;98;329;352;277;367;204;344;263;235;305;331;317;320
21-11-2007;13:15:00;209;66;318;323;240;348;182;248;201;192;216;230;193;246
21-11-2007;13:30:00;223;76;372;349;256;387;165;266;218;252;281;305;290;283
21-11-2007;13:45:00;236;84;304;369;258;368;194;285;233;174;239;281;259;257
21-11-2007;14:00:00;197;103;336;387;242;374;205;283;238;216;271;330;296;260
21-11-2007;14:15:00;232;98;331;388;292;389;215;309;234;224;298;340;268;314
21-11-2007;14:30:00;183;104;346;408;258;407;220;322;240;206;292;333;277;320
21-11-2007;14:45:00;214;128;339;393;278;409;206;379;298;222;281;404;352;310
21-11-2007;15:00:00;270;114;346;410;301;429;219;357;275;201;285;344;310;288
21-11-2007;15:15:00;326;151;357;507;321;477;297;468;360;237;371;479;367;389
21-11-2007;15:30:00;301;156;343;446;314;436;285;445;364;201;350;465;375;357
21-11-2007;15:45:00;287;150;398;442;271;418;248;421;311;293;379;513;414;402
21-11-2007;16:00:00;310;149;375;470;298;427;282;424;322;234;338;470;396;397
21-11-2007;16:15:00;366;145;456;494;370;459;334;415;339;239;386;412;377;429
21-11-2007;16:30:00;230;139;360;461;327;465;285;412;332;169;335;397;346;384
21-11-2007;16:45:00;224;130;294;435;290;414;248;407;322;164;289;371;354;332
21-11-2007;17:00:00;217;107;389;444;276;422;246;345;286;227;293;368;345;358
21-11-2007;17:15:00;244;91;330;424;268;415;238;285;231;189;268;301;282;328
21-11-2007;17:30:00;181;66;320;359;199;345;200;232;195;202;220;263;259;272
21-11-2007;17:45:00;179;65;309;351;202;328;163;221;193;198;206;226;217;230
21-11-2007;18:00:00;159;53;248;339;175;340;139;173;155;214;190;235;227;222
21-11-2007;18:15:00;135;39;270;285;157;269;149;152;131;183;166;191;176;209
21-11-2007;18:30:00;149;31;206;292;139;284;111;136;123;147;119;159;167;157
21-11-2007;18:45:00;122;31;274;236;151;241;108;127;122;159;134;156;141;146
21-11-2007;19:00:00;111;37;210;260;133;247;86;128;116;151;122;145;127;130
21-11-2007;19:15:00;91;37;176;205;107;214;86;103;91;118;91;105;100;108
21-11-2007;19:30:00;96;28;158;187;95;204;65;109;87;98;90;104;100;97
21-11-2007;19:45:00;77;24;135;185;83;194;54;88;80;90;67;114;86;72
21-11-2007;20:00:00;89;26;148;153;90;171;64;75;64;103;91;98;89;84
21-11-2007;20:15:00;69;17;156;155;80;173;63;67;66;113;77;88;59;88
21-11-2007;20:30:00;76;15;119;157;78;163;58;52;45;69;64;63;45;58
21-11-2007;20:45:00;62;22;110;116;73;144;55;67;61;74;66;69;58;57
21-11-2007;21:00:00;54;15;102;111;56;129;42;58;52;81;57;77;61;67
21-11-2007;21:15:00;61;16;96;152;56;142;45;65;59;72;53;66;58;63
21-11-2007;21:30:00;52;16;116;122;61;127;54;64;56;62;61;55;47;66
21-11-2007;21:45:00;95;15;111;157;74;147;45;44;45;80;65;70;47;75
21-11-2007;22:00:00;44;15;99;120;62;139;47;53;42;61;49;48;39;61
21-11-2007;22:15:00;60;15;103;133;60;147;57;55;52;71;61;55;45;70
21-11-2007;22:30:00;49;14;88;119;51;136;43;72;67;71;64;66;69;67
21-11-2007;22:45:00;64;18;100;121;73;138;47;48;49;74;65;57;45;64
21-11-2007;23:00:00;67;22;89;126;73;148;33;64;59;50;46;51;57;55
21-11-2007;23:15:00;40;16;77;130;53;128;26;31;34;62;47;70;55;45
21-11-2007;23:30:00;39;16;56;108;40;109;35;39;39;44;38;62;48;46
21-11-2007;23:45:00;33;15;49;77;39;93;28;26;27;47;41;47;25;38
22-11-2007;00:00:00;27;14;46;83;23;80;16;15;13;35;37;36;22;25
22-11-2007;00:15:00;22;13;37;55;16;59;9;9;15;39;21;31;19;19
22-11-2007;00:30:00;19;13;40;32;18;46;3;5;4;40;20;27;19;16
22-11-2007;00:45:00;18;13;21;41;18;45;5;6;8;14;15;16;15;12
22-11-2007;01:00:00;18;13;26;37;18;45;3;2;2;15;16;13;13;16
22-11-2007;01:15:00;19;12;21;22;15;31;6;10;9;10;13;15;16;11
22-11-2007;01:30:00;8;8;11;15;8;23;4;3;4;13;14;11;10;11
22-11-2007;01:45:00;10;10;18;20;10;23;5;5;7;14;11;13;10;9
22-11-2007;02:00:00;11;11;16;19;13;26;5;4;5;9;7;7;6;7
22-11-2007;02:30:00;16;13;17;22;18;30;11;12;14;11;13;12;15;14
22-11-2007;02:45:00;11;11;14;19;12;30;4;6;4;4;5;4;4;5
22-11-2007;03:15:00;11;10;10;33;10;20;2;2;3;4;4;5;4;5
22-11-2007;04:15:00;10;9;16;13;9;18;3;4;4;12;8;6;6;8
22-11-2007;04:45:00;19;11;23;28;22;37;1;1;2;16;16;18;16;20
22-11-2007;05:00:00;36;14;31;23;32;33;9;10;9;27;23;20;18;25
22-11-2007;05:15:00;26;15;46;48;36;50;16;18;17;27;22;21;16;24
22-11-2007;05:30:00;19;13;31;21;33;35;11;18;14;31;25;25;19;26
22-11-2007;05:45:00;56;14;75;50;63;53;16;26;13;61;49;33;34;39
22-11-2007;06:00:00;86;22;92;70;110;80;56;80;54;67;115;71;69;92
22-11-2007;06:15:00;93;27;118;74;104;88;61;85;70;73;89;85;90;109
22-11-2007;06:30:00;141;29;165;108;174;132;98;133;99;94;138;89;108;151
22-11-2007;06:45:00;234;41;266;170;318;186;193;207;155;133;242;137;160;247
22-11-2007;07:00:00;362;77;321;251;423;228;269;334;231;179;361;233;288;347
22-11-2007;07:15:00;317;76;331;219;368;207;288;315;203;184;356;265;290;398
22-11-2007;07:30:00;361;92;394;268;481;270;328;374;278;216;418;266;342;450
22-11-2007;07:45:00;352;116;412;326;436;304;314;460;333;245;421;339;417;430
22-11-2007;08:00:00;456;158;480;412;515;434;296;597;424;280;495;422;523;409
22-11-2007;08:15:00;338;127;434;391;412;353;289;495;354;269;462;386;445;428
22-11-2007;08:30:00;382;114;421;356;401;350;276;473;345;287;394;329;386;378
22-11-2007;08:45:00;362;106;393;363;370;344;244;429;310;323;474;426;472;482
22-11-2007;09:00:00;317;80;300;298;332;259;232;363;285;205;314;271;318;318
22-11-2007;09:15:00;280;74;262;305;297;282;181;283;220;175;267;268;277;247
22-11-2007;09:30:00;245;66;293;254;290;265;178;243;186;204;335;252;257;289
22-11-2007;09:45:00;221;61;301;261;253;261;182;253;191;190;241;242;229;248
22-11-2007;10:00:00;221;66;266;286;251;286;182;277;232;170;230;260;239;227
22-11-2007;10:15:00;176;67;261;304;233;262;156;237;192;188;223;270;256;222
22-11-2007;10:30:00;217;69;311;300;270;295;146;241;193;202;256;254;236;250
22-11-2007;10:45:00;205;59;298;289;268;313;177;274;202;174;239;216;207;216
22-11-2007;11:00:00;218;60;277;331;267;318;170;259;207;168;235;238;216;224
22-11-2007;11:15:00;194;72;284;304;246;304;174;250;203;180;224;248;216;236
22-11-2007;11:30:00;216;89;320;322;235;332;147;269;221;239;252;310;292;239
22-11-2007;11:45:00;220;69;287;340;229;320;189;274;227;179;237;280;249;226
22-11-2007;12:00:00;194;62;315;321;241;321;163;235;174;199;238;256;230;220
22-11-2007;12:15:00;200;77;266;326;228;326;183;261;199;204;229;284;253;248
22-11-2007;12:30:00;230;80;319;331;271;318;191;301;219;217;259;296;269;250
22-11-2007;12:45:00;196;76;285;330;232;330;177;278;212;184;224;280;246;240
22-11-2007;13:00:00;234;78;305;345;255;337;171;264;214;231;261;315;274;269
22-11-2007;13:15:00;220;62;299;377;240;361;188;277;199;178;222;235;211;242
22-11-2007;13:30:00;233;72;313;312;277;312;204;267;214;232;292;301;273;294
22-11-2007;13:45:00;255;91;327;420;287;403;195;307;251;189;257;296;280;249
22-11-2007;14:00:00;232;81;320;424;258;379;195;329;255;208;276;316;264;258
22-11-2007;14:15:00;196;100;296;360;263;370;199;319;251;185;238;295;263;249
22-11-2007;14:30:00;132;94;323;378;256;383;177;318;258;237;275;374;306;292
22-11-2007;14:45:00;287;130;359;421;321;424;257;346;278;216;323;370;300;338
22-11-2007;15:00:00;264;102;353;434;273;411;198;318;268;210;266;349;300;289
22-11-2007;15:15:00;320;133;404;457;341;466;295;427;316;233;389;415;314;414
22-11-2007;15:30:00;308;141;363;457;312;459;312;442;349;221;363;430;342;400
22-11-2007;15:45:00;234;146;383;496;276;389;280;477;362;260;386;586;472;439
22-11-2007;16:00:00;287;169;366;462;278;366;258;448;340;219;278;438;365;329
22-11-2007;16:15:00;372;161;418;451;319;390;282;447;365;264;351;464;407;405
22-11-2007;16:30:00;328;153;400;416;342;426;273;420;325;212;372;442;403;428
22-11-2007;16:45:00;313;137;339;460;315;389;268;431;336;245;383;519;466;458
22-11-2007;17:00:00;295;113;344;420;287;382;229;358;287;265;311;377;366;348
22-11-2007;17:15:00;258;111;384;407;289;426;235;351;293;226;262;335;303;309
22-11-2007;17:30:00;203;88;317;368;218;353;209;268;233;207;202;270;264;252
22-11-2007;17:45:00;176;62;316;337;209;337;184;237;202;208;195;215;206;236
22-11-2007;18:00:00;159;67;271;345;175;346;139;214;192;170;157;219;221;173
22-11-2007;18:15:00;142;44;291;306;155;327;139;179;154;184;142;162;148;183
22-11-2007;18:30:00;150;35;265;269;167;280;132;152;133;169;147;128;124;158
22-11-2007;18:45:00;145;28;250;224;164;233;132;157;144;162;133;135;134;176
22-11-2007;19:00:00;107;28;207;263;145;234;112;141;128;143;136;139;139;147
22-11-2007;19:15:00;97;30;201;220;103;206;83;112;103;141;86;119;110;111
22-11-2007;19:30:00;97;17;186;233;87;213;65;98;90;128;90;107;104;83
22-11-2007;19:45:00;86;23;159;181;92;172;74;87;78;100;84;95;80;91
22-11-2007;20:00:00;78;17;132;138;75;138;59;65;65;96;83;83;66;90
22-11-2007;20:15:00;68;21;139;125;89;134;88;70;62;89;99;80;58;95
22-11-2007;20:30:00;65;25;112;128;76;137;61;46;43;88;89;91;67;84
22-11-2007;20:45:00;79;19;114;122;75;134;55;57;55;85;79;89;62;78
22-11-2007;21:00:00;58;21;133;134;61;130;37;47;47;83;56;72;56;55
22-11-2007;21:15:00;65;26;116;126;71;150;42;74;73;80;56;84;67;58
22-11-2007;21:30:00;53;24;111;123;66;140;50;65;54;93;78;97;80;71
22-11-2007;21:45:00;86;21;133;131;75;136;74;67;64;87;113;79;71;105
22-11-2007;22:00:00;57;22;109;116;69;142;63;57;48;75;72;64;55;82
22-11-2007;22:15:00;56;19;100;127;59;128;52;59;55;68;53;59;51;63
22-11-2007;22:30:00;58;15;97;117;76;132;69;59;53;85;82;68;48;82
22-11-2007;22:45:00;59;15;76;118;65;113;38;46;46;69;56;67;59;60
22-11-2007;23:00:00;44;18;84;106;62;114;35;50;47;60;48;60;55;47
22-11-2007;23:15:00;51;16;78;113;51;120;36;36;36;62;46;57;40;49
22-11-2007;23:30:00;26;13;84;84;30;90;26;37;40;61;38;54;42;35
22-11-2007;23:45:00;32;19;66;92;41;105;25;36;32;57;42;54;35;40
23-11-2007;00:00:00;18;14;38;56;23;57;14;18;21;35;34;50;29;39
23-11-2007;00:15:00;17;15;29;42;18;55;10;10;14;18;15;22;11;16
23-11-2007;00:30:00;16;15;35;38;19;47;11;11;16;21;10;16;11;14
23-11-2007;00:45:00;16;14;27;42;18;49;4;5;5;18;12;15;14;11
23-11-2007;01:00:00;16;13;24;35;14;50;6;12;10;10;6;8;8;6
23-11-2007;01:15:00;16;14;17;34;14;42;4;5;5;7;8;10;9;7
23-11-2007;01:45:00;16;14;27;27;19;32;7;8;10;17;9;10;8;13
23-11-2007;02:00:00;11;11;15;17;11;24;1;1;1;6;5;8;5;5
23-11-2007;03:15:00;10;10;15;15;10;21;5;7;7;2;3;2;2;2
23-11-2007;03:30:00;10;9;12;13;9;15;3;5;4;7;10;6;7;6
23-11-2007;04:15:00;11;10;20;15;12;15;3;5;3;16;11;8;9;9
23-11-2007;04:30:00;12;11;21;16;14;21;6;7;8;12;13;16;13;12
23-11-2007;04:45:00;23;14;32;29;19;38;6;6;4;24;17;15;15;18
23-11-2007;05:00:00;27;15;30;35;17;43;10;14;11;31;19;24;20;20
23-11-2007;05:15:00;22;13;33;30;28;33;10;11;13;22;18;12;17;13
23-11-2007;05:30:00;25;13;39;33;30;45;11;11;13;37;29;22;19;26
23-11-2007;05:45:00;60;17;71;52;64;60;37;44;37;59;67;40;37;66
23-11-2007;06:00:00;81;21;91;70;93;77;57;96;58;62;99;78;82;87
23-11-2007;06:15:00;83;18;97;73;97;85;68;84;59;51;78;60;60;85
23-11-2007;06:30:00;155;39;162;114;172;129;100;122;100;80;136;91;102;148
23-11-2007;06:45:00;223;51;253;155;280;183;175;201;151;142;230;139;177;256
23-11-2007;07:00:00;353;89;273;257;411;221;261;334;242;159;357;246;299;351
23-11-2007;07:15:00;307;58;297;200;373;189;248;270;196;198;389;230;256;386
23-11-2007;07:30:00;363;76;376;272;427;282;306;376;278;198;376;252;298;387
23-11-2007;07:45:00;393;101;418;330;407;309;278;445;325;260;404;302;392;399
23-11-2007;08:00:00;438;140;478;421;490;416;307;549;403;293;494;417;526;419
23-11-2007;08:15:00;388;97;402;342;394;303;281;475;371;274;414;311;384;392
23-11-2007;08:30:00;335;110;378;306;322;279;264;418;299;213;291;281;323;318
23-11-2007;08:45:00;326;97;356;288;354;265;257;412;301;215;318;282;311;309
23-11-2007;09:00:00;293;102;304;312;279;288;200;373;289;208;253;288;294;263
23-11-2007;09:15:00;257;74;274;262;284;246;185;294;218;169;258;240;233;233
23-11-2007;09:30:00;250;70;275;252;254;247;186;280;201;179;241;241;241;257
23-11-2007;09:45:00;182;72;253;233;215;254;147;229;174;172;191;207;194;194
23-11-2007;10:00:00;213;67;265;264;227;276;170;266;208;179;199;208;226;220
23-11-2007;10:15:00;202;56;263;303;222;276;157;217;174;178;189;208;192;191
23-11-2007;10:30:00;161;65;326;314;237;295;154;280;206;200;222;260;247;236
23-11-2007;10:45:00;227;60;304;308;255;313;169;238;192;173;224;230;217;229
23-11-2007;11:00:00;213;53;263;309;221;312;159;234;197;209;238;263;240;253
23-11-2007;11:15:00;199;65;318;305;233;329;176;214;186;203;210;245;208;216
23-11-2007;11:30:00;234;85;351;360;266;332;189;290;246;213;255;287;259;250
23-11-2007;11:45:00;221;73;309;344;227;356;165;280;216;227;236;294;280;255
23-11-2007;12:00:00;223;67;316;350;228;344;192;270;215;233;271;256;246;261
23-11-2007;12:15:00;236;92;333;341;226;340;173;274;219;209;223;264;236;226
23-11-2007;12:30:00;252;87;389;419;260;413;203;310;256;226;244;290;262;264
23-11-2007;12:45:00;236;71;360;386;267;364;196;285;222;238;283;314;281;282
23-11-2007;13:00:00;203;81;334;355;232;342;186;293;241;235;243;281;277;264
23-11-2007;13:15:00;154;68;334;381;239;403;189;247;188;214;240;252;229;263
23-11-2007;13:30:00;240;98;320;390;238;379;189;276;208;185;222;264;233;233
23-11-2007;13:45:00;275;89;340;430;284;403;224;298;228;233;278;307;279;295
23-11-2007;14:00:00;237;92;347;350;247;354;194;320;239;215;239;291;259;256
23-11-2007;14:15:00;259;112;387;431;298;444;203;344;263;239;284;358;291;297
23-11-2007;14:30:00;264;103;371;418;280;402;207;377;286;221;249;328;293;281
23-11-2007;14:45:00;212;120;380;430;303;454;216;394;306;213;288;358;318;295
23-11-2007;15:00:00;305;140;369;453;324;450;242;408;330;232;306;411;340;313
23-11-2007;15:15:00;340;160;407;511;344;482;280;441;334;257;357;494;390;388
23-11-2007;15:30:00;320;152;376;493;310;443;262;428;359;267;352;456;402;396
23-11-2007;15:45:00;301;140;369;483;318;458;284;394;325;226;363;406;362;416
23-11-2007;16:00:00;258;149;347;450;266;418;258;436;335;217;309;412;373;369
23-11-2007;16:15:00;276;137;380;475;259;436;232;362;308;260;290;438;396;359
23-11-2007;16:30:00;226;121;358;400;234;394;208;344;280;207;240;314;304;270
23-11-2007;16:45:00;175;91;356;430;227;385;173;251;212;213;218;279;269;252
23-11-2007;17:00:00;193;75;317;372;209;344;159;264;213;207;195;244;230;213
23-11-2007;17:15:00;217;73;345;404;215;392;182;249;212;252;239;268;225;279
23-11-2007;17:30:00;159;65;309;316;169;325;141;199;167;183;141;185;189;173
23-11-2007;17:45:00;200;51;340;356;180;330;154;179;150;224;186;182;163;212
23-11-2007;18:00:00;138;47;289;341;163;370;139;195;162;188;159;196;187;183
23-11-2007;18:15:00;129;50;260;278;142;303;106;156;139;162;121;183;166;132
23-11-2007;18:30:00;121;32;253;264;163;271;111;112;97;187;152;141;129;165
23-11-2007;18:45:00;111;32;239;236;126;244;99;104;103;171;118;126;123;131
23-11-2007;19:00:00;110;28;202;217;113;211;87;133;117;146;98;150;130;111
23-11-2007;19:15:00;80;26;185;209;94;226;64;79;65;133;89;107;97;112
23-11-2007;19:30:00;94;23;169;208;93;209;72;79;73;115;78;101;81;87
23-11-2007;19:45:00;66;19;149;148;73;177;36;57;56;118;63;95;73;53
23-11-2007;20:00:00;65;20;118;122;72;157;48;57;57;90;75;75;67;68
23-11-2007;20:15:00;60;16;126;112;70;120;52;55;38;103;67;72;43;69
23-11-2007;20:30:00;60;18;114;100;64;119;40;55;50;87;57;69;55;61
23-11-2007;20:45:00;44;20;92;138;53;165;41;55;56;69;43;67;59;50
23-11-2007;21:00:00;46;20;80;105;54;125;34;47;44;70;39;72;65;58
23-11-2007;21:15:00;48;17;104;99;50;103;37;35;32;76;51;53;39;61
23-11-2007;21:30:00;57;18;96;111;62;128;50;49;38;83;67;61;54;78
23-11-2007;21:45:00;79;15;78;138;61;130;44;57;33;79;59;53;44;64
23-11-2007;22:00:00;47;18;102;116;75;142;32;77;64;69;59;68;58;66
23-11-2007;22:15:00;47;18;120;116;74;133;48;73;64;70;62;90;71;67
23-11-2007;22:30:00;57;15;98;121;62;122;44;56;48;81;60;71;59;52
23-11-2007;22:45:00;60;16;117;119;66;123;42;55;49;84;63;60;56;67
23-11-2007;23:00:00;60;15;94;114;77;120;42;62;50;86;52;57;65;66
23-11-2007;23:15:00;47;15;95;125;64;143;29;48;54;77;47;72;61;48
23-11-2007;23:30:00;35;16;116;107;56;126;35;35;39;77;57;60;50;59
23-11-2007;23:45:00;41;15;76;116;37;116;31;48;47;68;47;73;48;47
24-11-2007;00:00:00;44;16;82;96;49;118;30;46;41;62;57;60;46;61
24-11-2007;00:15:00;28;15;77;100;43;127;22;43;42;64;41;47;42;40
24-11-2007;00:30:00;20;15;75;97;31;118;25;37;35;64;28;38;38;35
24-11-2007;00:45:00;28;14;78;86;39;115;26;52;42;55;35;35;29;40
24-11-2007;01:00:00;40;15;73;80;38;108;11;20;15;57;42;38;40;31
24-11-2007;01:15:00;29;15;69;71;25;83;15;29;23;46;26;30;32;26
24-11-2007;01:30:00;19;15;62;80;19;88;10;15;12;49;16;17;19;15
24-11-2007;01:45:00;18;15;60;63;25;69;14;11;11;43;19;22;21;21
24-11-2007;02:00:00;13;12;39;43;15;61;5;7;10;15;5;5;6;7
24-11-2007;02:15:00;16;14;48;51;18;69;7;11;8;31;12;15;16;13
24-11-2007;02:30:00;15;15;43;68;20;81;1;1;1;18;9;8;10;11
24-11-2007;02:45:00;21;15;46;48;19;61;5;6;7;23;12;13;11;11
24-11-2007;03:00:00;20;14;37;53;20;55;10;11;10;28;13;18;16;13
24-11-2007;03:15:00;22;15;46;58;19;60;5;6;6;11;6;7;6;8
24-11-2007;03:30:00;16;14;41;47;14;59;3;5;3;21;11;12;10;13
24-11-2007;03:45:00;20;15;47;60;21;61;7;10;9;24;9;10;11;10
24-11-2007;04:00:00;20;14;35;25;17;39;4;3;3;20;11;9;9;9
24-11-2007;04:15:00;13;13;25;35;13;50;7;7;8;16;9;8;11;8
24-11-2007;04:30:00;16;15;30;42;17;51;3;4;5;15;10;11;9;9
24-11-2007;04:45:00;15;12;24;30;20;42;4;5;5;13;14;8;9;10
24-11-2007;05:00:00;14;14;37;34;15;49;2;3;2;12;10;10;10;10
24-11-2007;05:15:00;13;13;28;29;19;44;6;6;6;20;14;10;9;10
24-11-2007;05:30:00;13;12;32;29;13;35;6;8;7;26;10;20;15;11
24-11-2007;05:45:00;16;13;22;46;17;55;10;13;12;14;14;12;11;12
24-11-2007;06:00:00;15;12;26;28;18;38;10;10;12;14;18;15;11;16
24-11-2007;06:15:00;15;14;35;42;19;57;3;4;5;15;11;9;9;10
24-11-2007;06:30:00;13;13;44;35;21;46;9;10;10;14;10;8;7;9
24-11-2007;06:45:00;37;15;58;45;53;52;13;18;14;31;30;19;30;29
24-11-2007;07:00:00;46;15;57;60;70;67;17;34;36;36;41;31;56;27
24-11-2007;07:15:00;36;15;55;64;55;78;18;11;13;36;37;41;36;46
24-11-2007;07:30:00;39;13;52;57;50;59;22;27;27;43;38;42;34;34
24-11-2007;07:45:00;38;14;58;63;41;66;30;52;43;60;37;60;62;53
24-11-2007;08:00:00;53;15;77;107;68;96;37;54;45;49;54;70;66;48
24-11-2007;08:15:00;36;18;64;89;45;106;21;38;37;43;42;44;55;37
24-11-2007;08:30:00;35;14;74;72;37;79;16;26;22;57;33;45;50;39
24-11-2007;08:45:00;58;19;126;125;66;133;39;60;52;87;52;75;71;71
24-11-2007;09:00:00;75;17;126;120;72;130;54;60;54;94;67;86;92;92
24-11-2007;09:15:00;69;19;114;121;77;123;42;49;46;71;59;71;64;61
24-11-2007;09:30:00;87;18;139;154;96;151;71;90;75;111;89;90;92;90
24-11-2007;09:45:00;125;18;142;179;110;164;75;90;73;95;86;80;86;110
24-11-2007;10:00:00;120;27;206;244;102;227;68;97;75;144;76;103;104;92
24-11-2007;10:15:00;92;22;216;245;97;243;65;142;107;161;99;138;133;116
24-11-2007;10:30:00;133;22;268;259;152;250;88;142;118;162;123;148;136;132
24-11-2007;10:45:00;147;25;267;279;147;235;120;153;131;179;155;162;153;163
24-11-2007;11:00:00;132;28;283;319;146;282;120;155;148;168;122;151;155;157
24-11-2007;11:15:00;134;28;280;295;151;262;110;166;144;170;123;155;146;147
24-11-2007;11:30:00;148;34;296;322;148;298;114;168;148;197;138;202;187;169
24-11-2007;11:45:00;182;45;354;335;184;335;136;206;178;216;172;199;190;188
24-11-2007;12:00:00;151;40;359;349;178;324;141;191;157;207;167;181;176;195
24-11-2007;12:15:00;170;31;331;336;185;331;144;182;155;200;161;161;150;190
24-11-2007;12:30:00;169;33;347;344;193;307;150;173;162;234;178;185;158;222
24-11-2007;12:45:00;172;38;392;384;206;374;141;178;151;215;163;181;171;185
24-11-2007;13:00:00;189;23;371;361;194;316;150;164;154;240;189;165;152;217
24-11-2007;13:15:00;178;35;320;358;156;293;122;167;157;180;137;163;153;162
24-11-2007;13:30:00;167;39;316;361;169;339;119;180;147;176;146;181;167;172
24-11-2007;13:45:00;221;44;390;386;213;343;149;184;159;234;201;210;199;207
24-11-2007;14:00:00;147;37;346;337;210;316;155;187;153;184;165;173;155;189
24-11-2007;14:15:00;161;29;345;340;174;328;127;148;135;221;163;163;149;191
24-11-2007;14:30:00;162;29;296;337;174;314;130;172;155;166;163;161;156;181
24-11-2007;14:45:00;147;42;356;369;202;373;142;161;138;202;165;162;154;195
24-11-2007;15:00:00;163;31;333;319;197;307;101;151;118;200;143;159;166;152
24-11-2007;15:15:00;137;30;309;344;173;335;133;159;144;185;143;160;134;162
24-11-2007;15:30:00;130;37;315;325;162;302;124;141;132;181;148;162;151;162
24-11-2007;15:45:00;120;36;308;263;144;258;118;149;118;168;121;148;129;141
24-11-2007;16:00:00;133;39;335;290;167;304;140;139;121;207;173;177;136;208
24-11-2007;16:15:00;132;33;254;273;144;262;110;126;103;165;149;151;137;169
24-11-2007;16:30:00;116;27;255;273;123;279;104;132;120;157;100;126;110;124
24-11-2007;16:45:00;103;33;260;236;120;253;84;95;91;178;132;166;142;151
24-11-2007;17:00:00;121;25;268;252;121;277;91;126;123;184;110;143;130;122
24-11-2007;17:15:00;114;19;255;225;114;229;95;101;88;154;106;112;92;120
24-11-2007;17:30:00;100;27;194;209;96;232;80;92;82;121;90;113;88;109
24-11-2007;17:45:00;120;22;193;222;105;233;67;114;112;159;99;127;123;110
24-11-2007;18:00:00;106;24;224;249;99;271;93;117;101;169;93;132;130;116
24-11-2007;18:15:00;75;22;172;172;91;190;72;88;83;124;93;115;99;104
24-11-2007;18:30:00;69;18;160;182;86;180;55;83;72;104;70;91;88;79
24-11-2007;18:45:00;60;20;139;133;68;148;46;85;79;118;65;94;89;70
24-11-2007;19:00:00;58;16;138;122;65;133;31;59;54;119;57;85;73;65
24-11-2007;19:15:00;43;18;107;139;60;150;36;55;45;96;40;73;50;50
24-11-2007;19:30:00;46;15;101;117;58;130;28;31;32;83;43;63;43;55
24-11-2007;19:45:00;30;15;69;133;51;167;47;55;52;77;41;64;49;50
24-11-2007;20:00:00;41;14;97;111;58;136;38;39;43;77;53;66;55;69
24-11-2007;20:15:00;43;16;86;104;45;113;34;50;47;58;30;46;24;35
24-11-2007;20:30:00;36;15;87;92;41;97;28;31;32;67;47;51;36;52
24-11-2007;20:45:00;38;15;75;117;38;118;26;38;33;61;29;52;35;31
24-11-2007;21:00:00;31;15;88;96;43;130;25;25;23;79;40;59;46;57
24-11-2007;21:15:00;44;14;73;80;36;99;26;41;35;79;28;61;45;48
24-11-2007;21:30:00;57;16;87;94;58;98;34;46;41;75;34;54;44;46
24-11-2007;21:45:00;55;17;102;105;74;105;50;40;29;71;51;43;34;51
24-11-2007;22:00:00;52;22;102;136;59;155;34;52;53;63;42;53;44;38
24-11-2007;22:15:00;44;17;95;124;63;124;49;66;61;73;48;72;66;46
24-11-2007;22:30:00;64;17;105;144;57;137;44;79;85;86;45;81;75;36
24-11-2007;22:45:00;48;14;118;110;76;119;52;45;47;88;58;48;47;54
24-11-2007;23:00:00;57;12;116;102;81;126;45;54;46;74;57;51;53;56
24-11-2007;23:15:00;36;22;110;138;73;138;58;42;49;94;74;88;50;84
24-11-2007;23:30:00;42;15;78;126;39;131;38;55;47;76;38;62;57;58
24-11-2007;23:45:00;35;15;80;97;51;97;40;33;26;65;50;47;32;62
25-11-2007;00:00:00;39;15;111;93;44;112;24;25;33;74;39;40;28;42
25-11-2007;00:15:00;36;15;95;77;47;97;42;31;27;68;44;38;31;59
25-11-2007;00:30:00;39;14;78;79;46;89;38;37;28;50;28;26;29;45
25-11-2007;00:45:00;37;15;76;88;35;106;24;32;30;67;36;42;36;47
25-11-2007;01:00:00;46;15;81;65;54;92;23;20;18;49;35;22;28;28
25-11-2007;01:15:00;34;15;61;86;32;104;19;28;25;42;21;28;30;29
25-11-2007;01:30:00;29;15;51;55;23;70;22;23;24;41;27;27;22;38
25-11-2007;01:45:00;22;13;42;56;19;69;12;17;13;33;19;18;19;37
25-11-2007;02:00:00;25;16;68;58;30;76;15;15;22;37;18;19;18;16
25-11-2007;02:15:00;31;14;49;64;27;84;12;5;7;35;19;18;18;25
25-11-2007;02:30:00;14;12;41;57;12;63;10;10;9;21;11;16;16;15
25-11-2007;02:45:00;14;14;42;55;14;65;12;14;11;13;6;6;7;9
25-11-2007;03:00:00;19;14;50;39;21;41;3;4;3;21;10;13;11;14
25-11-2007;03:15:00;29;15;41;54;21;61;8;10;9;19;13;11;14;10
25-11-2007;03:30:00;20;14;36;55;16;61;8;10;13;23;12;14;16;15
25-11-2007;03:45:00;22;15;44;45;23;72;4;6;4;19;8;10;7;7
25-11-2007;04:00:00;15;14;34;39;14;49;2;2;3;10;7;8;7;10
25-11-2007;04:30:00;15;14;28;33;14;48;2;2;3;14;9;7;7;8
25-11-2007;04:45:00;10;10;15;26;11;43;7;8;11;13;8;11;11;8
25-11-2007;05:00:00;13;13;30;34;18;49;5;6;7;20;9;9;9;11
25-11-2007;05:15:00;12;12;15;18;12;41;3;3;4;6;5;6;5;5
25-11-2007;05:30:00;16;15;26;36;18;69;7;9;9;18;16;16;15;13
25-11-2007;06:15:00;19;13;19;20;18;34;5;4;7;7;6;9;7;8
25-11-2007;06:30:00;14;12;22;33;21;41;3;4;3;9;8;5;6;7
25-11-2007;06:45:00;23;15;44;39;46;61;13;16;20;25;23;16;27;25
25-11-2007;07:00:00;50;14;44;42;62;45;15;28;22;28;37;29;48;29
25-11-2007;07:15:00;25;14;41;43;40;52;14;11;14;28;24;42;32;28
25-11-2007;07:30:00;31;17;41;49;36;62;16;21;23;39;24;39;37;36
25-11-2007;07:45:00;21;16;42;63;39;70;28;28;28;38;32;40;31;38
25-11-2007;08:00:00;34;15;35;59;46;73;17;21;20;34;30;38;38;33
25-11-2007;08:15:00;38;14;46;57;36;60;9;14;10;28;19;22;26;24
25-11-2007;08:30:00;21;12;24;40;27;45;9;14;11;23;17;28;23;19
25-11-2007;08:45:00;37;18;43;64;38;73;22;25;25;39;26;49;45;37
25-11-2007;09:00:00;33;15;67;60;49;76;36;27;23;47;39;39;52;48
25-11-2007;09:15:00;42;17;56;61;50;80;31;37;29;47;38;52;57;44
25-11-2007;09:30:00;52;16;69;96;51;103;47;42;35;68;41;58;56;56
25-11-2007;09:45:00;56;19;102;103;47;97;25;47;36;81;36;71;75;43
25-11-2007;10:00:00;95;19;122;154;81;146;52;83;70;95;74;115;124;85
25-11-2007;10:15:00;87;22;136;173;75;150;57;84;76;85;63;82;78;57
25-11-2007;10:30:00;75;18;157;154;81;162;53;65;57;112;75;80;77;84
25-11-2007;10:45:00;103;28;159;163;114;158;70;86;77;119;97;128;117;101
25-11-2007;11:00:00;109;36;155;187;105;179;76;113;99;125;77;118;115;97
25-11-2007;11:15:00;98;29;175;193;107;195;67;98;85;125;103;111;120;113
25-11-2007;11:30:00;102;26;155;209;99;222;61;102;90;91;74;97;99;75
25-11-2007;11:45:00;121;30;195;214;131;227;82;106;95;129;116;133;116;119
25-11-2007;12:00:00;105;36;232;213;109;233;79;111;92;150;95;128;127;121
25-11-2007;12:15:00;126;30;202;232;124;227;96;125;121;142;108;143;123;113
25-11-2007;12:30:00;134;38;256;242;132;241;106;143;124;157;120;133;124;132
25-11-2007;12:45:00;98;34;257;227;138;243;100;168;153;148;108;156;163;118
25-11-2007;13:00:00;144;41;239;236;149;234;111;161;147;167;130;171;156;149
25-11-2007;13:15:00;122;38;213;227;129;233;94;149;149;163;127;184;181;149
25-11-2007;13:30:00;125;41;238;252;145;243;118;153;133;153;141;173;145;160
25-11-2007;13:45:00;93;32;250;286;153;285;110;150;134;150;133;152;132;134
25-11-2007;14:00:00;116;39;233;271;128;255;103;153;153;155;109;177;154;131
25-11-2007;14:15:00;166;44;238;275;166;263;101;163;144;217;150;192;202;182
25-11-2007;14:30:00;123;27;241;226;139;237;116;137;114;167;129;136;133;139
25-11-2007;14:45:00;104;24;216;215;156;238;86;124;104;170;138;144;138;147
25-11-2007;15:00:00;69;28;216;207;166;247;105;152;133;160;125;133;128;132
25-11-2007;15:15:00;140;35;233;237;177;227;134;139;140;168;162;178;144;182
25-11-2007;15:30:00;137;29;230;213;159;241;91;91;84;153;131;142;114;156
25-11-2007;15:45:00;129;32;213;212;133;206;94;93;76;154;112;130;112;128
25-11-2007;16:00:00;112;29;166;218;127;223;98;126;115;136;121;149;122;137
25-11-2007;16:15:00;91;32;206;198;134;225;110;130;116;157;148;154;128;147
25-11-2007;16:30:00;114;31;211;170;130;205;90;90;71;134;100;100;87;122
25-11-2007;16:45:00;127;22;204;229;125;220;104;108;101;146;117;111;98;137
25-11-2007;17:00:00;109;27;193;187;112;190;82;98;85;137;99;117;97;108
25-11-2007;17:15:00;125;25;184;170;122;182;97;88;78;123;112;114;71;114
25-11-2007;17:30:00;95;32;202;211;102;223;87;87;82;135;98;107;96;115
25-11-2007;17:45:00;73;21;160;175;106;190;62;77;66;111;89;92;68;84
25-11-2007;18:00:00;104;29;158;161;97;180;66;100;94;130;81;104;96;90
25-11-2007;18:15:00;66;18;151;184;87;208;73;85;88;99;69;96;88;83
25-11-2007;18:30:00;66;21;139;178;98;186;74;67;77;101;87;95;84;86
25-11-2007;18:45:00;90;20;129;147;103;160;70;67;61;100;78;83;68;97
25-11-2007;19:00:00;77;19;132;156;85;152;51;71;68;94;74;70;64;66
25-11-2007;19:15:00;60;24;138;160;67;162;49;67;67;94;56;74;66;69
25-11-2007;19:30:00;65;16;120;106;63;106;46;60;54;79;52;64;52;72
25-11-2007;19:45:00;73;15;112;108;67;133;41;47;47;93;68;64;61;63
25-11-2007;20:00:00;48;16;95;91;53;115;43;41;38;68;51;47;35;57
25-11-2007;20:15:00;52;15;69;102;53;105;29;35;34;65;41;40;35;41
25-11-2007;20:30:00;44;15;69;74;44;98;27;35;38;66;33;67;48;38
25-11-2007;20:45:00;42;15;47;99;55;107;31;42;30;52;41;40;36;45
25-11-2007;21:00:00;40;15;55;67;55;77;24;23;28;49;48;38;37;48
25-11-2007;21:15:00;47;14;59;73;36;67;18;29;23;47;31;46;30;34
25-11-2007;21:30:00;48;16;77;98;51;111;28;37;33;65;43;65;51;39
25-11-2007;21:45:00;56;15;81;85;46;108;34;43;34;81;45;47;41;58
25-11-2007;22:00:00;45;22;79;101;52;108;25;26;22;55;37;39;38;37
25-11-2007;22:15:00;66;15;72;120;53;110;44;43;40;50;32;32;29;42
25-11-2007;22:30:00;40;15;71;88;43;105;24;36;35;55;31;36;39;39
25-11-2007;22:45:00;36;15;65;88;52;93;26;33;25;49;35;49;44;26
25-11-2007;23:00:00;45;15;66;87;61;90;22;29;27;44;37;39;34;36
25-11-2007;23:15:00;26;15;44;60;40;77;24;19;17;41;31;41;33;42
25-11-2007;23:30:00;21;13;22;70;27;76;26;24;22;29;36;35;30;38
25-11-2007;23:45:00;20;13;22;38;17;32;12;15;14;23;24;33;21;17
26-11-2007;00:00:00;23;15;31;65;31;70;3;2;2;16;18;12;11;26
26-11-2007;00:15:00;12;12;20;37;18;44;15;20;24;19;17;20;14;15
26-11-2007;00:30:00;13;12;16;36;14;41;8;6;9;6;8;7;6;6
26-11-2007;00:45:00;17;13;17;30;23;42;2;3;2;11;16;15;13;16
26-11-2007;01:00:00;19;15;15;34;25;50;6;11;8;10;17;14;11;14
26-11-2007;01:15:00;9;9;9;13;9;25;2;3;3;9;10;12;10;10
26-11-2007;01:30:00;14;12;14;19;14;25;2;2;3;11;14;9;10;15
26-11-2007;02:00:00;10;10;12;14;13;24;1;2;2;7;6;7;6;7
26-11-2007;02:15:00;12;12;13;15;12;31;4;5;5;3;3;4;8;3
26-11-2007;02:30:00;10;10;15;18;11;24;3;5;6;17;12;13;16;14
26-11-2007;03:00:00;9;9;9;14;9;24;2;2;3;2;2;3;2;2
26-11-2007;03:45:00;8;8;9;13;14;16;2;2;3;3;4;3;3;4
26-11-2007;04:00:00;13;12;21;16;13;25;2;2;3;2;2;3;3;2
26-11-2007;04:15:00;17;14;29;28;21;34;7;6;7;10;12;11;10;11
26-11-2007;04:45:00;14;13;38;23;18;31;3;2;2;16;10;15;10;14
26-11-2007;05:00:00;30;16;32;41;21;41;8;7;8;18;24;17;15;20
26-11-2007;05:15:00;36;15;44;20;41;29;16;16;18;21;28;16;17;21
26-11-2007;05:30:00;32;14;49;33;40;44;24;24;21;45;40;24;20;45
26-11-2007;05:45:00;33;14;74;45;52;58;32;36;23;27;36;23;25;33
26-11-2007;06:00:00;72;21;106;86;84;101;56;75;60;65;89;60;66;75
26-11-2007;06:15:00;93;17;117;77;117;83;72;98;64;65;104;77;86;113
26-11-2007;06:30:00;185;21;173;106;203;115;121;132;105;94;155;94;106;158
26-11-2007;06:45:00;257;48;231;171;289;173;203;199;151;101;256;140;169;214
26-11-2007;07:00:00;364;57;297;248;414;234;265;356;245;152;352;222;283;314
26-11-2007;07:15:00;396;65;375;227;453;227;313;313;236;174;381;199;238;381
26-11-2007;07:30:00;342;71;380;250;444;228;322;345;252;166;374;231;303;385
26-11-2007;07:45:00;362;98;450;278;477;302;302;421;311;255;459;289;381;463
26-11-2007;08:00:00;362;128;476;421;531;383;321;603;412;264;490;384;500;425
26-11-2007;08:15:00;341;109;424;365;465;325;279;498;363;220;435;326;405;319
26-11-2007;08:30:00;377;111;431;365;421;339;293;443;321;311;495;418;449;449
26-11-2007;08:45:00;352;110;379;355;383;322;278;429;319;228;374;342;379;343
26-11-2007;09:00:00;385;113;419;335;380;284;248;439;340;211;338;341;370;301
26-11-2007;09:15:00;324;85;387;317;342;302;196;314;239;220;290;260;263;271
26-11-2007;09:30:00;270;93;331;276;322;269;205;292;228;195;279;275;261;254
26-11-2007;09:45:00;260;80;303;278;286;288;194;269;201;236;368;339;315;380
26-11-2007;10:00:00;259;72;299;290;260;269;172;280;215;216;264;250;229;262
26-11-2007;10:15:00;240;71;275;295;294;273;163;282;223;195;271;306;271;262
26-11-2007;10:30:00;288;75;342;353;312;324;184;292;241;219;247;294;268;228
26-11-2007;10:45:00;240;72;304;308;264;316;141;198;146;199;251;271;226;228
26-11-2007;11:00:00;178;49;270;241;210;257;131;203;170;174;189;189;162;190
26-11-2007;14:00:00;223;62;290;289;232;301;158;224;173;219;259;275;247;253
26-11-2007;14:15:00;200;74;274;295;230;270;230;289;231;257;342;402;320;382
