Date;Time;Day of Week;D3;D4;D13;D14
12-11-2007;20:15;Mon;35;59;54;45
12-11-2007;20:30;Mon;63;104;86;68
12-11-2007;20:45;Mon;56;80;58;55
12-11-2007;21:00;Mon;59;94;68;70
12-11-2007;21:15;Mon;58;89;55;49
12-11-2007;21:30;Mon;36;60;39;29
12-11-2007;21:45;Mon;55;90;58;53
12-11-2007;22:00;Mon;62;78;57;46
12-11-2007;22:15;Mon;57;81;41;33
12-11-2007;22:30;Mon;55;85;57;55
12-11-2007;22:45;Mon;35;63;55;47
12-11-2007;23:00;Mon;41;49;37;26
12-11-2007;23:15;Mon;31;44;47;29
12-11-2007;23:30;Mon;37;42;35;34
12-11-2007;23:45;Mon;26;39;20;22
13-11-2007;00:00;Tue;32;48;17;18
13-11-2007;00:15;Tue;10;17;10;12
13-11-2007;00:30;Tue;9;13;8;11
13-11-2007;00:45;Tue;9;10;11;11
13-11-2007;01:00;Tue;4;5;6;7
13-11-2007;01:15;Tue;4;5;6;6
13-11-2007;01:30;Tue;0;0;0;0
13-11-2007;01:45;Tue;7;6;6;5
13-11-2007;02:00;Tue;4;6;4;4
13-11-2007;02:15;Tue;3;3;5;3
13-11-2007;02:30;Tue;1;1;1;1
13-11-2007;02:45;Tue;2;2;2;3
13-11-2007;03:00;Tue;0;0;0;0
13-11-2007;03:15;Tue;3;4;3;4
13-11-2007;03:30;Tue;3;3;3;4
13-11-2007;03:45;Tue;4;4;5;5
13-11-2007;04:00;Tue;2;3;2;2
13-11-2007;04:15;Tue;9;10;5;7
13-11-2007;04:30;Tue;5;4;7;4
13-11-2007;04:45;Tue;9;8;9;12
13-11-2007;05:00;Tue;8;12;12;10
13-11-2007;05:15;Tue;13;15;32;29
13-11-2007;05:30;Tue;30;32;35;34
13-11-2007;05:45;Tue;53;61;48;64
13-11-2007;06:00;Tue;62;78;82;113
13-11-2007;06:15;Tue;64;94;123;143
13-11-2007;06:30;Tue;102;153;170;196
13-11-2007;06:45;Tue;147;259;261;286
13-11-2007;07:00;Tue;230;367;354;363
13-11-2007;07:15;Tue;292;392;397;410
13-11-2007;07:30;Tue;343;475;456;457
13-11-2007;07:45;Tue;394;589;476;523
13-11-2007;08:00;Tue;456;731;555;544
13-11-2007;08:15;Tue;482;827;669;643
13-11-2007;08:30;Tue;393;672;522;552
13-11-2007;08:45;Tue;434;777;596;589
13-11-2007;09:00;Tue;367;639;472;514
13-11-2007;09:15;Tue;203;340;370;395
13-11-2007;09:30;Tue;329;497;501;476
13-11-2007;09:45;Tue;227;381;339;286
13-11-2007;10:00;Tue;247;412;351;372
13-11-2007;10:15;Tue;198;338;290;251
13-11-2007;10:30;Tue;206;358;310;284
13-11-2007;10:45;Tue;229;374;280;252
13-11-2007;11:00;Tue;202;340;262;253
13-11-2007;11:15;Tue;196;330;268;257
13-11-2007;11:30;Tue;182;332;277;243
13-11-2007;11:45;Tue;204;362;290;264
13-11-2007;12:00;Tue;213;385;292;259
13-11-2007;12:15;Tue;176;301;272;231
13-11-2007;12:30;Tue;178;322;263;236
13-11-2007;12:45;Tue;196;332;274;253
13-11-2007;13:00;Tue;196;325;330;260
13-11-2007;13:15;Tue;184;322;291;247
13-11-2007;13:30;Tue;203;362;284;264
13-11-2007;13:45;Tue;210;344;328;281
13-11-2007;14:00;Tue;216;375;280;247
13-11-2007;14:15;Tue;211;391;302;255
13-11-2007;14:30;Tue;230;421;321;268
13-11-2007;14:45;Tue;227;442;300;264
13-11-2007;15:00;Tue;233;439;370;302
13-11-2007;15:15;Tue;277;552;488;366
13-11-2007;15:30;Tue;285;532;424;365
13-11-2007;15:45;Tue;236;456;435;372
13-11-2007;16:00;Tue;239;476;459;376
13-11-2007;16:15;Tue;234;500;522;432
13-11-2007;16:30;Tue;240;486;460;424
13-11-2007;16:45;Tue;243;465;465;425
13-11-2007;17:00;Tue;187;366;393;360
13-11-2007;17:15;Tue;173;318;355;290
13-11-2007;17:30;Tue;166;316;335;273
13-11-2007;17:45;Tue;122;224;267;226
13-11-2007;18:00;Tue;132;258;238;191
13-11-2007;18:15;Tue;133;237;205;159
13-11-2007;18:30;Tue;114;198;205;156
13-11-2007;18:45;Tue;98;164;152;115
13-11-2007;19:00;Tue;107;150;161;139
13-11-2007;19:15;Tue;87;135;126;93
13-11-2007;19:30;Tue;84;109;104;88
13-11-2007;19:45;Tue;74;119;88;70
13-11-2007;20:00;Tue;67;94;80;54
13-11-2007;20:15;Tue;50;95;71;62
13-11-2007;20:30;Tue;59;94;74;62
13-11-2007;20:45;Tue;50;88;74;48
13-11-2007;21:00;Tue;47;79;63;40
13-11-2007;21:15;Tue;30;55;45;27
13-11-2007;21:30;Tue;46;78;65;48
13-11-2007;21:45;Tue;52;79;55;50
13-11-2007;22:00;Tue;44;74;46;37
13-11-2007;22:15;Tue;37;68;40;43
13-11-2007;22:30;Tue;37;52;38;42
13-11-2007;22:45;Tue;49;47;49;42
13-11-2007;23:00;Tue;49;50;52;38
13-11-2007;23:15;Tue;34;58;45;37
13-11-2007;23:30;Tue;40;48;35;44
13-11-2007;23:45;Tue;36;58;30;27
14-11-2007;00:00;Wed;28;31;21;19
14-11-2007;00:15;Wed;20;38;16;19
14-11-2007;00:30;Wed;13;20;16;14
14-11-2007;00:45;Wed;13;20;20;19
14-11-2007;01:00;Wed;14;18;17;17
14-11-2007;01:15;Wed;12;16;10;11
14-11-2007;01:30;Wed;4;5;3;3
14-11-2007;01:45;Wed;4;6;4;4
14-11-2007;02:00;Wed;0;0;0;0
14-11-2007;02:15;Wed;6;9;5;5
14-11-2007;02:30;Wed;2;2;3;2
14-11-2007;02:45;Wed;2;3;2;2
14-11-2007;03:00;Wed;2;2;2;3
14-11-2007;03:15;Wed;4;5;5;5
14-11-2007;03:30;Wed;0;0;0;0
14-11-2007;03:45;Wed;0;0;0;0
14-11-2007;04:00;Wed;6;8;10;11
14-11-2007;04:15;Wed;0;0;0;0
14-11-2007;04:30;Wed;4;3;3;4
14-11-2007;04:45;Wed;8;8;9;11
14-11-2007;05:00;Wed;6;6;6;10
14-11-2007;05:15;Wed;12;24;21;23
14-11-2007;05:30;Wed;22;27;34;42
14-11-2007;05:45;Wed;42;54;51;57
14-11-2007;06:00;Wed;59;71;81;108
14-11-2007;06:15;Wed;54;77;124;137
14-11-2007;06:30;Wed;86;136;141;164
14-11-2007;06:45;Wed;148;250;250;255
14-11-2007;07:00;Wed;196;322;317;348
14-11-2007;07:15;Wed;273;354;378;384
14-11-2007;07:30;Wed;366;519;459;460
14-11-2007;07:45;Wed;339;505;419;433
14-11-2007;08:00;Wed;392;601;485;498
14-11-2007;08:15;Wed;383;631;546;511
14-11-2007;08:30;Wed;328;554;459;464
14-11-2007;08:45;Wed;322;591;425;466
14-11-2007;09:00;Wed;236;417;388;400
14-11-2007;09:15;Wed;252;417;332;354
14-11-2007;09:30;Wed;209;395;340;302
14-11-2007;09:45;Wed;210;359;318;322
14-11-2007;10:00;Wed;220;334;342;326
14-11-2007;10:15;Wed;227;352;310;283
14-11-2007;10:30;Wed;202;312;290;268
14-11-2007;10:45;Wed;193;301;272;239
14-11-2007;11:00;Wed;251;412;333;311
14-11-2007;11:15;Wed;210;318;253;245
14-11-2007;11:30;Wed;203;360;300;272
14-11-2007;11:45;Wed;202;298;256;243
14-11-2007;12:00;Wed;213;384;272;246
14-11-2007;12:15;Wed;239;387;290;262
14-11-2007;12:30;Wed;214;341;315;271
14-11-2007;12:45;Wed;231;382;305;252
14-11-2007;13:00;Wed;228;377;287;246
14-11-2007;13:15;Wed;191;328;276;237
14-11-2007;13:30;Wed;220;359;289;274
14-11-2007;13:45;Wed;228;395;293;292
14-11-2007;14:00;Wed;199;374;290;274
14-11-2007;14:15;Wed;227;410;275;266
14-11-2007;14:30;Wed;248;464;303;283
14-11-2007;14:45;Wed;257;498;395;329
14-11-2007;15:00;Wed;269;524;373;339
14-11-2007;15:15;Wed;236;491;404;344
14-11-2007;15:30;Wed;226;471;430;357
14-11-2007;15:45;Wed;241;507;464;401
14-11-2007;16:00;Wed;255;534;446;392
14-11-2007;16:15;Wed;269;540;557;464
14-11-2007;16:30;Wed;246;484;544;456
14-11-2007;16:45;Wed;254;518;488;433
14-11-2007;17:00;Wed;220;400;455;388
14-11-2007;17:15;Wed;188;350;367;304
14-11-2007;17:30;Wed;190;344;381;312
14-11-2007;17:45;Wed;143;229;289;249
14-11-2007;18:00;Wed;134;230;243;188
14-11-2007;18:15;Wed;170;278;271;204
14-11-2007;18:30;Wed;127;196;196;165
14-11-2007;18:45;Wed;128;208;175;140
14-11-2007;19:00;Wed;110;171;164;143
14-11-2007;19:15;Wed;97;150;129;102
14-11-2007;19:30;Wed;105;155;149;122
14-11-2007;19:45;Wed;110;172;111;103
14-11-2007;20:00;Wed;105;154;128;114
14-11-2007;20:15;Wed;68;105;84;56
14-11-2007;20:30;Wed;82;124;102;69
14-11-2007;20:45;Wed;58;78;81;76
14-11-2007;21:00;Wed;80;120;95;97
14-11-2007;21:15;Wed;54;87;78;66
14-11-2007;21:30;Wed;68;93;72;59
14-11-2007;21:45;Wed;63;93;79;62
14-11-2007;22:00;Wed;65;102;81;62
14-11-2007;22:15;Wed;58;82;68;57
14-11-2007;22:30;Wed;53;74;60;52
14-11-2007;22:45;Wed;47;63;63;52
14-11-2007;23:00;Wed;56;60;55;49
14-11-2007;23:15;Wed;51;55;59;49
14-11-2007;23:30;Wed;44;57;42;33
14-11-2007;23:45;Wed;30;46;24;26
15-11-2007;00:00;Thu;23;39;20;14
15-11-2007;00:15;Thu;9;18;9;8
15-11-2007;00:30;Thu;10;17;10;9
15-11-2007;00:45;Thu;3;3;5;4
15-11-2007;01:00;Thu;9;9;11;9
15-11-2007;01:15;Thu;6;7;5;6
15-11-2007;01:30;Thu;7;9;7;6
15-11-2007;01:45;Thu;8;10;8;7
15-11-2007;02:00;Thu;1;2;1;1
15-11-2007;02:15;Thu;3;4;3;3
15-11-2007;02:30;Thu;3;2;2;2
15-11-2007;02:45;Thu;2;2;3;2
15-11-2007;03:00;Thu;3;2;1;1
15-11-2007;03:15;Thu;8;8;8;9
15-11-2007;03:30;Thu;6;6;6;6
15-11-2007;03:45;Thu;4;5;4;5
15-11-2007;04:00;Thu;1;2;1;1
15-11-2007;04:15;Thu;4;5;5;7
15-11-2007;04:30;Thu;5;4;4;5
15-11-2007;04:45;Thu;11;12;9;11
15-11-2007;05:00;Thu;16;24;23;29
15-11-2007;05:15;Thu;13;16;25;28
15-11-2007;05:30;Thu;18;17;35;36
15-11-2007;05:45;Thu;38;46;47;57
15-11-2007;06:00;Thu;60;76;71;109
15-11-2007;06:15;Thu;67;86;108;139
15-11-2007;06:30;Thu;98;141;164;185
15-11-2007;06:45;Thu;152;231;237;253
15-11-2007;07:00;Thu;199;319;322;364
15-11-2007;07:15;Thu;252;332;359;345
15-11-2007;07:30;Thu;349;469;457;456
15-11-2007;07:45;Thu;362;537;472;498
15-11-2007;08:00;Thu;426;652;500;483
15-11-2007;08:15;Thu;323;572;478;445
15-11-2007;08:30;Thu;385;622;533;529
15-11-2007;08:45;Thu;298;570;388;417
15-11-2007;09:00;Thu;318;563;418;441
15-11-2007;09:15;Thu;245;409;384;379
15-11-2007;09:30;Thu;193;300;268;250
15-11-2007;09:45;Thu;203;304;290;282
15-11-2007;10:00;Thu;204;364;309;321
15-11-2007;10:15;Thu;196;305;250;255
15-11-2007;10:30;Thu;183;325;286;267
15-11-2007;10:45;Thu;186;292;274;231
15-11-2007;11:00;Thu;207;286;260;244
15-11-2007;11:15;Thu;200;317;249;248
15-11-2007;11:30;Thu;187;316;258;243
15-11-2007;11:45;Thu;204;347;260;242
15-11-2007;12:00;Thu;217;387;285;241
15-11-2007;12:15;Thu;212;361;286;251
15-11-2007;12:30;Thu;206;352;277;249
15-11-2007;12:45;Thu;194;325;281;236
15-11-2007;13:00;Thu;184;319;275;262
15-11-2007;13:15;Thu;187;327;273;254
15-11-2007;13:30;Thu;192;328;272;235
15-11-2007;13:45;Thu;201;383;303;260
15-11-2007;14:00;Thu;218;383;308;300
15-11-2007;14:15;Thu;211;407;327;298
15-11-2007;14:30;Thu;261;516;341;290
15-11-2007;14:45;Thu;278;523;347;294
15-11-2007;15:00;Thu;282;561;389;357
15-11-2007;15:15;Thu;263;565;454;357
15-11-2007;15:30;Thu;287;546;471;408
15-11-2007;15:45;Thu;222;465;454;371
15-11-2007;16:00;Thu;280;580;503;410
15-11-2007;16:15;Thu;248;521;541;430
15-11-2007;16:30;Thu;245;452;530;449
15-11-2007;16:45;Thu;236;428;425;368
15-11-2007;17:00;Thu;253;475;485;403
15-11-2007;17:15;Thu;228;426;511;443
15-11-2007;17:30;Thu;202;370;409;317
15-11-2007;17:45;Thu;212;338;294;238
15-11-2007;18:00;Thu;169;312;303;249
15-11-2007;18:15;Thu;158;243;280;193
15-11-2007;18:30;Thu;133;208;206;176
15-11-2007;18:45;Thu;144;241;220;167
15-11-2007;19:00;Thu;131;188;198;157
15-11-2007;19:15;Thu;103;165;133;103
15-11-2007;19:30;Thu;80;138;143;100
15-11-2007;19:45;Thu;89;124;146;115
15-11-2007;20:00;Thu;79;114;110;87
15-11-2007;20:15;Thu;75;133;110;95
15-11-2007;20:30;Thu;73;124;77;61
15-11-2007;20:45;Thu;65;93;78;56
15-11-2007;21:00;Thu;74;106;64;58
15-11-2007;21:15;Thu;57;92;67;59
15-11-2007;21:30;Thu;69;97;68;52
15-11-2007;21:45;Thu;70;110;70;63
15-11-2007;22:00;Thu;59;93;79;68
15-11-2007;22:15;Thu;54;76;60;53
15-11-2007;22:30;Thu;72;106;84;71
15-11-2007;22:45;Thu;83;121;83;73
15-11-2007;23:00;Thu;49;73;59;50
15-11-2007;23:15;Thu;60;66;50;47
15-11-2007;23:30;Thu;34;54;36;36
15-11-2007;23:45;Thu;34;57;43;43
16-11-2007;00:00;Fri;35;43;17;20
16-11-2007;00:15;Fri;25;35;16;18
16-11-2007;00:30;Fri;11;17;15;14
16-11-2007;00:45;Fri;7;7;6;7
16-11-2007;01:00;Fri;11;15;8;10
16-11-2007;01:15;Fri;7;11;7;10
16-11-2007;01:30;Fri;9;8;7;8
16-11-2007;01:45;Fri;6;6;7;6
16-11-2007;02:00;Fri;1;1;1;1
16-11-2007;02:15;Fri;2;2;3;2
16-11-2007;02:30;Fri;2;2;3;2
16-11-2007;02:45;Fri;0;0;0;0
16-11-2007;03:00;Fri;4;5;5;4
16-11-2007;03:15;Fri;0;0;0;0
16-11-2007;03:30;Fri;2;3;2;2
16-11-2007;03:45;Fri;10;10;12;9
16-11-2007;04:00;Fri;0;0;0;0
16-11-2007;04:15;Fri;4;3;4;4
16-11-2007;04:30;Fri;7;8;7;5
16-11-2007;04:45;Fri;10;11;13;10
16-11-2007;05:00;Fri;14;14;19;17
16-11-2007;05:15;Fri;16;21;23;26
16-11-2007;05:30;Fri;21;20;22;28
16-11-2007;05:45;Fri;33;46;46;67
16-11-2007;06:00;Fri;57;78;81;104
16-11-2007;06:15;Fri;57;82;102;127
16-11-2007;06:30;Fri;97;139;141;175
16-11-2007;06:45;Fri;145;254;241;256
16-11-2007;07:00;Fri;195;320;342;375
16-11-2007;07:15;Fri;262;340;390;399
16-11-2007;07:30;Fri;302;452;411;401
16-11-2007;07:45;Fri;390;588;484;490
16-11-2007;08:00;Fri;387;623;507;524
16-11-2007;08:15;Fri;331;574;449;440
16-11-2007;08:30;Fri;371;657;460;461
16-11-2007;08:45;Fri;332;603;446;497
16-11-2007;09:00;Fri;257;469;364;415
16-11-2007;09:15;Fri;204;332;356;373
16-11-2007;09:30;Fri;186;302;286;280
16-11-2007;09:45;Fri;193;318;265;244
16-11-2007;10:00;Fri;211;328;250;235
16-11-2007;10:15;Fri;185;341;233;206
16-11-2007;10:30;Fri;191;331;237;237
16-11-2007;10:45;Fri;199;336;296;258
16-11-2007;11:00;Fri;220;354;261;268
16-11-2007;11:15;Fri;188;336;306;249
16-11-2007;11:30;Fri;212;365;321;268
16-11-2007;11:45;Fri;223;365;296;270
16-11-2007;12:00;Fri;224;395;318;280
16-11-2007;12:15;Fri;200;347;278;229
16-11-2007;12:30;Fri;201;348;273;255
16-11-2007;12:45;Fri;211;335;294;267
16-11-2007;13:00;Fri;216;373;304;268
16-11-2007;13:15;Fri;209;385;353;287
16-11-2007;13:30;Fri;194;333;334;281
16-11-2007;13:45;Fri;199;384;309;278
16-11-2007;14:00;Fri;257;433;395;334
16-11-2007;14:15;Fri;255;514;374;321
16-11-2007;14:30;Fri;256;496;348;296
16-11-2007;14:45;Fri;231;483;377;327
16-11-2007;15:00;Fri;252;479;383;351
16-11-2007;15:15;Fri;261;522;498;398
16-11-2007;15:30;Fri;247;471;443;381
16-11-2007;15:45;Fri;239;475;465;388
16-11-2007;16:00;Fri;222;477;457;378
16-11-2007;16:15;Fri;225;448;449;376
16-11-2007;16:30;Fri;226;422;390;327
16-11-2007;16:45;Fri;202;381;374;299
16-11-2007;17:00;Fri;205;380;355;305
16-11-2007;17:15;Fri;170;303;309;260
16-11-2007;17:30;Fri;144;235;258;218
16-11-2007;17:45;Fri;149;254;247;209
16-11-2007;18:00;Fri;126;231;226;176
16-11-2007;18:15;Fri;108;186;196;157
16-11-2007;18:30;Fri;125;198;165;147
16-11-2007;18:45;Fri;105;176;167;119
16-11-2007;19:00;Fri;113;156;142;97
16-11-2007;19:15;Fri;82;124;124;96
16-11-2007;19:30;Fri;76;104;112;93
16-11-2007;19:45;Fri;52;102;91;74
16-11-2007;20:00;Fri;60;91;86;63
16-11-2007;20:15;Fri;50;70;66;51
16-11-2007;20:30;Fri;48;67;60;52
16-11-2007;20:45;Fri;30;45;47;47
16-11-2007;21:00;Fri;46;55;51;45
16-11-2007;21:15;Fri;36;60;54;50
16-11-2007;21:30;Fri;39;56;49;42
16-11-2007;21:45;Fri;38;56;47;42
16-11-2007;22:00;Fri;37;65;45;32
16-11-2007;22:15;Fri;48;77;56;55
16-11-2007;22:30;Fri;60;81;69;64
16-11-2007;22:45;Fri;64;86;73;76
16-11-2007;23:00;Fri;55;75;50;59
16-11-2007;23:15;Fri;52;73;55;57
16-11-2007;23:30;Fri;55;69;50;58
16-11-2007;23:45;Fri;46;75;43;30
17-11-2007;00:00;Sat;52;83;42;34
17-11-2007;00:15;Sat;30;37;25;25
17-11-2007;00:30;Sat;27;43;32;26
17-11-2007;00:45;Sat;17;29;23;19
17-11-2007;01:00;Sat;33;34;24;25
17-11-2007;01:15;Sat;24;24;21;24
17-11-2007;01:30;Sat;9;15;11;10
17-11-2007;01:45;Sat;9;13;10;9
17-11-2007;02:00;Sat;11;16;11;12
17-11-2007;02:15;Sat;16;23;11;10
17-11-2007;02:30;Sat;7;9;6;7
17-11-2007;02:45;Sat;3;4;3;3
17-11-2007;03:00;Sat;1;1;1;2
17-11-2007;03:15;Sat;3;3;4;4
17-11-2007;03:30;Sat;7;11;9;9
17-11-2007;03:45;Sat;5;4;5;6
17-11-2007;04:00;Sat;4;6;4;4
17-11-2007;04:15;Sat;2;1;1;1
17-11-2007;04:30;Sat;6;9;6;6
17-11-2007;04:45;Sat;7;9;6;7
17-11-2007;05:00;Sat;3;3;4;5
17-11-2007;05:15;Sat;2;2;3;2
17-11-2007;05:30;Sat;7;7;14;9
17-11-2007;05:45;Sat;4;5;5;4
17-11-2007;06:00;Sat;15;20;12;13
17-11-2007;06:15;Sat;6;4;6;4
17-11-2007;06:30;Sat;13;21;19;15
17-11-2007;06:45;Sat;17;20;14;11
17-11-2007;07:00;Sat;45;43;32;33
17-11-2007;07:15;Sat;45;40;43;38
17-11-2007;07:30;Sat;52;56;40;41
17-11-2007;07:45;Sat;42;57;42;37
17-11-2007;08:00;Sat;62;68;58;58
17-11-2007;08:15;Sat;41;48;36;34
17-11-2007;08:30;Sat;56;74;57;48
17-11-2007;08:45;Sat;64;75;60;61
17-11-2007;09:00;Sat;70;91;86;74
17-11-2007;09:15;Sat;65;91;92;79
17-11-2007;09:30;Sat;80;113;93;82
17-11-2007;09:45;Sat;70;115;105;88
17-11-2007;10:00;Sat;120;177;144;111
17-11-2007;10:15;Sat;100;151;126;106
17-11-2007;10:30;Sat;98;151;124;100
17-11-2007;10:45;Sat;112;187;164;135
17-11-2007;11:00;Sat;135;204;148;133
17-11-2007;11:15;Sat;143;206;163;152
17-11-2007;11:30;Sat;153;224;177;151
17-11-2007;11:45;Sat;157;263;194;145
17-11-2007;12:00;Sat;139;230;216;176
17-11-2007;12:15;Sat;140;217;193;184
17-11-2007;12:30;Sat;159;234;222;194
17-11-2007;12:45;Sat;173;237;221;198
17-11-2007;13:00;Sat;180;257;239;216
17-11-2007;13:15;Sat;142;219;207;168
17-11-2007;13:30;Sat;150;241;192;176
17-11-2007;13:45;Sat;143;225;194;162
17-11-2007;14:00;Sat;152;206;222;200
17-11-2007;14:15;Sat;146;235;199;171
17-11-2007;14:30;Sat;131;226;213;171
17-11-2007;14:45;Sat;135;214;191;160
17-11-2007;15:00;Sat;124;205;210;193
17-11-2007;15:15;Sat;145;219;203;189
17-11-2007;15:30;Sat;143;214;175;160
17-11-2007;15:45;Sat;132;217;170;173
17-11-2007;16:00;Sat;124;213;194;155
17-11-2007;16:15;Sat;118;183;189;163
17-11-2007;16:30;Sat;118;194;179;157
17-11-2007;16:45;Sat;117;183;151;136
17-11-2007;17:00;Sat;112;177;174;165
17-11-2007;17:15;Sat;83;162;171;139
17-11-2007;17:30;Sat;109;160;170;135
17-11-2007;17:45;Sat;106;162;134;121
17-11-2007;18:00;Sat;107;176;135;114
17-11-2007;18:15;Sat;91;139;131;114
17-11-2007;18:30;Sat;73;115;114;87
17-11-2007;18:45;Sat;60;111;75;62
17-11-2007;19:00;Sat;55;87;71;62
17-11-2007;19:15;Sat;49;85;76;57
17-11-2007;19:30;Sat;47;67;73;61
17-11-2007;19:45;Sat;42;61;61;44
17-11-2007;20:00;Sat;42;62;53;49
17-11-2007;20:15;Sat;28;55;51;45
17-11-2007;20:30;Sat;29;58;46;46
17-11-2007;20:45;Sat;33;51;58;49
17-11-2007;21:00;Sat;44;63;48;44
17-11-2007;21:15;Sat;42;61;46;49
17-11-2007;21:30;Sat;33;51;31;29
17-11-2007;21:45;Sat;35;46;55;49
17-11-2007;22:00;Sat;44;66;44;42
17-11-2007;22:15;Sat;49;80;45;48
17-11-2007;22:30;Sat;63;71;47;50
17-11-2007;22:45;Sat;55;56;53;58
17-11-2007;23:00;Sat;42;64;60;54
17-11-2007;23:15;Sat;58;75;87;79
17-11-2007;23:30;Sat;54;70;65;66
17-11-2007;23:45;Sat;52;74;61;42
18-11-2007;00:00;Sun;52;71;40;35
18-11-2007;00:15;Sun;58;66;59;46
18-11-2007;00:30;Sun;39;50;38;33
18-11-2007;00:45;Sun;34;38;32;25
18-11-2007;01:00;Sun;32;43;47;32
18-11-2007;01:15;Sun;33;49;45;37
18-11-2007;01:30;Sun;22;23;22;22
18-11-2007;01:45;Sun;21;26;26;18
18-11-2007;02:00;Sun;22;27;21;20
18-11-2007;02:15;Sun;18;18;15;11
18-11-2007;02:30;Sun;11;20;11;12
18-11-2007;02:45;Sun;16;17;19;15
18-11-2007;03:00;Sun;17;17;22;22
18-11-2007;03:15;Sun;11;12;11;10
18-11-2007;03:30;Sun;25;28;19;22
18-11-2007;03:45;Sun;7;10;9;10
18-11-2007;04:00;Sun;11;21;15;11
18-11-2007;04:15;Sun;10;13;6;6
18-11-2007;04:30;Sun;4;5;4;5
18-11-2007;04:45;Sun;3;3;5;4
18-11-2007;05:00;Sun;0;0;0;0
18-11-2007;05:15;Sun;4;4;5;6
18-11-2007;05:30;Sun;6;5;4;5
18-11-2007;05:45;Sun;8;6;6;7
18-11-2007;06:00;Sun;8;11;5;5
18-11-2007;06:15;Sun;7;8;8;10
18-11-2007;06:30;Sun;7;7;11;10
18-11-2007;06:45;Sun;18;18;14;11
18-11-2007;07:00;Sun;27;31;32;20
18-11-2007;07:15;Sun;39;23;27;30
18-11-2007;07:30;Sun;30;21;22;17
18-11-2007;07:45;Sun;39;54;25;26
18-11-2007;08:00;Sun;36;46;44;45
18-11-2007;08:15;Sun;30;24;35;33
18-11-2007;08:30;Sun;21;29;21;19
18-11-2007;08:45;Sun;48;60;41;27
18-11-2007;09:00;Sun;56;56;68;54
18-11-2007;09:15;Sun;45;47;59;42
18-11-2007;09:30;Sun;51;72;74;50
18-11-2007;09:45;Sun;78;83;92;73
18-11-2007;10:00;Sun;115;157;108;82
18-11-2007;10:15;Sun;84;121;98;80
18-11-2007;10:30;Sun;80;124;104;99
18-11-2007;10:45;Sun;63;112;89;72
18-11-2007;11:00;Sun;95;129;121;97
18-11-2007;11:15;Sun;102;130;130;116
18-11-2007;11:30;Sun;104;160;151;123
18-11-2007;11:45;Sun;94;131;141;125
18-11-2007;12:00;Sun;106;139;114;112
18-11-2007;12:15;Sun;127;202;131;129
18-11-2007;12:30;Sun;110;156;157;131
18-11-2007;12:45;Sun;112;174;147;124
18-11-2007;13:00;Sun;107;162;157;142
18-11-2007;13:15;Sun;107;166;146;142
18-11-2007;13:30;Sun;124;180;171;161
18-11-2007;13:45;Sun;111;172;158;134
18-11-2007;14:00;Sun;126;170;172;154
18-11-2007;14:15;Sun;126;187;171;157
18-11-2007;14:30;Sun;127;195;170;141
18-11-2007;14:45;Sun;117;187;176;142
18-11-2007;15:00;Sun;139;175;179;163
18-11-2007;15:15;Sun;135;198;163;157
18-11-2007;15:30;Sun;127;184;171;164
18-11-2007;15:45;Sun;116;168;174;150
18-11-2007;16:00;Sun;101;171;170;148
18-11-2007;16:15;Sun;97;163;179;129
18-11-2007;16:30;Sun;110;145;137;108
18-11-2007;16:45;Sun;101;156;120;104
18-11-2007;17:00;Sun;108;156;136;125
18-11-2007;17:15;Sun;118;156;149;122
18-11-2007;17:30;Sun;86;149;150;128
18-11-2007;17:45;Sun;91;145;112;93
18-11-2007;18:00;Sun;77;130;107;86
18-11-2007;18:15;Sun;79;120;109;97
18-11-2007;18:30;Sun;79;116;128;89
18-11-2007;18:45;Sun;79;119;100;87
18-11-2007;19:00;Sun;64;85;86;68
18-11-2007;19:15;Sun;57;96;111;80
18-11-2007;19:30;Sun;54;88;71;68
18-11-2007;19:45;Sun;50;92;100;77
18-11-2007;20:00;Sun;44;68;66;57
18-11-2007;20:15;Sun;40;61;52;44
18-11-2007;20:30;Sun;48;59;44;45
18-11-2007;20:45;Sun;41;66;45;44
18-11-2007;21:00;Sun;31;39;27;33
18-11-2007;21:15;Sun;39;53;60;39
18-11-2007;21:30;Sun;36;55;61;55
18-11-2007;21:45;Sun;43;57;46;45
18-11-2007;22:00;Sun;47;69;45;28
18-11-2007;22:15;Sun;31;53;48;36
18-11-2007;22:30;Sun;17;23;26;18
18-11-2007;22:45;Sun;32;50;32;35
18-11-2007;23:00;Sun;23;27;20;24
18-11-2007;23:15;Sun;39;34;28;21
18-11-2007;23:30;Sun;30;37;30;23
18-11-2007;23:45;Sun;25;40;15;16
19-11-2007;00:00;Mon;14;26;14;17
19-11-2007;00:15;Mon;9;14;9;9
19-11-2007;00:30;Mon;7;7;5;5
19-11-2007;00:45;Mon;2;2;3;2
19-11-2007;01:00;Mon;2;3;2;2
19-11-2007;01:15;Mon;0;0;0;0
19-11-2007;01:30;Mon;4;4;4;6
19-11-2007;01:45;Mon;0;0;0;0
19-11-2007;02:00;Mon;2;2;3;2
19-11-2007;02:15;Mon;0;0;0;0
19-11-2007;02:30;Mon;3;2;2;2
19-11-2007;02:45;Mon;3;5;3;4
19-11-2007;03:00;Mon;2;3;2;2
19-11-2007;03:15;Mon;2;2;2;3
19-11-2007;03:30;Mon;0;0;0;0
19-11-2007;03:45;Mon;3;4;3;4
19-11-2007;04:00;Mon;1;1;1;1
19-11-2007;04:15;Mon;2;2;2;3
19-11-2007;04:30;Mon;2;2;2;3
19-11-2007;04:45;Mon;7;7;9;10
19-11-2007;05:00;Mon;14;19;19;23
19-11-2007;05:15;Mon;15;25;26;35
19-11-2007;05:30;Mon;27;31;33;32
19-11-2007;05:45;Mon;49;65;58;85
19-11-2007;06:00;Mon;72;90;107;149
19-11-2007;06:15;Mon;73;107;116;147
19-11-2007;06:30;Mon;105;150;155;174
19-11-2007;06:45;Mon;204;302;292;326
19-11-2007;07:00;Mon;224;346;329;357
19-11-2007;07:15;Mon;269;332;384;369
19-11-2007;07:30;Mon;395;562;544;538
19-11-2007;07:45;Mon;461;711;610;626
19-11-2007;08:00;Mon;551;825;666;674
19-11-2007;08:15;Mon;348;619;488;482
19-11-2007;08:30;Mon;386;631;476;453
19-11-2007;08:45;Mon;311;555;484;459
19-11-2007;09:00;Mon;289;506;434;439
19-11-2007;09:15;Mon;260;429;381;367
19-11-2007;09:30;Mon;215;385;317;321
19-11-2007;09:45;Mon;207;320;299;286
19-11-2007;10:00;Mon;204;355;319;304
19-11-2007;10:15;Mon;186;306;250;257
19-11-2007;10:30;Mon;187;300;261;267
19-11-2007;10:45;Mon;190;308;246;249
19-11-2007;11:00;Mon;214;346;342;305
19-11-2007;11:15;Mon;167;305;284;253
19-11-2007;11:30;Mon;195;299;239;218
19-11-2007;11:45;Mon;210;369;276;273
19-11-2007;12:00;Mon;216;351;280;252
19-11-2007;12:15;Mon;212;351;297;253
19-11-2007;12:30;Mon;209;386;285;259
19-11-2007;12:45;Mon;194;332;298;264
19-11-2007;13:00;Mon;206;331;285;242
19-11-2007;13:15;Mon;186;314;260;245
19-11-2007;13:30;Mon;207;342;258;246
19-11-2007;13:45;Mon;209;381;295;257
19-11-2007;14:00;Mon;208;392;303;267
19-11-2007;14:15;Mon;182;349;273;279
19-11-2007;14:30;Mon;257;465;337;306
19-11-2007;14:45;Mon;225;465;329;298
19-11-2007;15:00;Mon;250;497;353;313
19-11-2007;15:15;Mon;249;512;413;325
19-11-2007;15:30;Mon;297;581;467;397
19-11-2007;15:45;Mon;248;473;428;363
19-11-2007;16:00;Mon;238;484;410;356
19-11-2007;16:15;Mon;205;432;457;383
19-11-2007;16:30;Mon;249;461;461;393
19-11-2007;16:45;Mon;230;424;435;379
19-11-2007;17:00;Mon;225;406;442;381
19-11-2007;17:15;Mon;189;336;384;314
19-11-2007;17:30;Mon;166;282;326;250
19-11-2007;17:45;Mon;152;259;277;226
19-11-2007;18:00;Mon;142;233;272;223
19-11-2007;18:15;Mon;119;216;236;191
19-11-2007;18:30;Mon;107;178;159;132
19-11-2007;18:45;Mon;98;164;156;119
19-11-2007;19:00;Mon;87;140;169;132
19-11-2007;19:15;Mon;79;134;126;84
19-11-2007;19:30;Mon;77;131;124;109
19-11-2007;19:45;Mon;80;112;96;95
19-11-2007;20:00;Mon;59;93;81;67
19-11-2007;20:15;Mon;65;121;86;79
19-11-2007;20:30;Mon;69;90;107;78
19-11-2007;20:45;Mon;65;98;66;56
19-11-2007;21:00;Mon;56;78;68;58
19-11-2007;21:15;Mon;53;72;60;51
19-11-2007;21:30;Mon;47;69;54;43
19-11-2007;21:45;Mon;43;78;62;56
19-11-2007;22:00;Mon;46;72;65;58
19-11-2007;22:15;Mon;50;76;59;49
19-11-2007;22:30;Mon;46;51;61;46
19-11-2007;22:45;Mon;50;70;50;49
19-11-2007;23:00;Mon;45;59;57;51
19-11-2007;23:15;Mon;39;45;27;24
19-11-2007;23:30;Mon;43;67;37;34
19-11-2007;23:45;Mon;28;44;27;26
20-11-2007;00:00;Tue;17;24;18;15
20-11-2007;00:15;Tue;14;14;11;12
20-11-2007;00:30;Tue;7;6;5;6
20-11-2007;00:45;Tue;10;8;8;9
20-11-2007;01:00;Tue;6;7;5;6
20-11-2007;01:15;Tue;4;4;6;4
20-11-2007;01:30;Tue;1;1;1;1
20-11-2007;01:45;Tue;0;0;0;0
20-11-2007;02:00;Tue;4;5;4;5
20-11-2007;02:15;Tue;2;3;2;2
20-11-2007;02:30;Tue;0;0;0;0
20-11-2007;02:45;Tue;0;0;0;0
20-11-2007;03:00;Tue;2;2;2;3
20-11-2007;03:15;Tue;2;3;2;2
20-11-2007;03:30;Tue;5;5;4;5
20-11-2007;03:45;Tue;0;0;0;0
20-11-2007;04:00;Tue;6;6;9;9
20-11-2007;04:15;Tue;3;4;3;3
20-11-2007;04:30;Tue;4;5;4;5
20-11-2007;04:45;Tue;6;5;7;5
20-11-2007;05:00;Tue;10;14;13;16
20-11-2007;05:15;Tue;13;12;20;28
20-11-2007;05:30;Tue;34;37;32;41
20-11-2007;05:45;Tue;40;58;45;67
20-11-2007;06:00;Tue;54;80;84;115
20-11-2007;06:15;Tue;66;88;118;147
20-11-2007;06:30;Tue;122;179;149;171
20-11-2007;06:45;Tue;167;280;251;273
20-11-2007;07:00;Tue;220;332;367;389
20-11-2007;07:15;Tue;282;397;434;427
20-11-2007;07:30;Tue;328;464;435;442
20-11-2007;07:45;Tue;359;540;492;527
20-11-2007;08:00;Tue;495;769;614;596
20-11-2007;08:15;Tue;410;686;555;526
20-11-2007;08:30;Tue;406;677;504;502
20-11-2007;08:45;Tue;302;565;432;441
20-11-2007;09:00;Tue;331;588;420;463
20-11-2007;09:15;Tue;312;488;464;482
20-11-2007;09:30;Tue;198;340;316;304
20-11-2007;09:45;Tue;232;368;340;318
20-11-2007;10:00;Tue;234;364;327;314
20-11-2007;10:15;Tue;227;363;306;275
20-11-2007;10:30;Tue;191;309;300;279
20-11-2007;10:45;Tue;224;347;284;279
20-11-2007;11:00;Tue;194;338;283;272
20-11-2007;11:15;Tue;191;318;225;220
20-11-2007;11:30;Tue;189;336;258;237
20-11-2007;11:45;Tue;193;352;278;232
20-11-2007;12:00;Tue;185;316;254;218
20-11-2007;12:15;Tue;186;331;271;269
20-11-2007;12:30;Tue;218;338;295;282
20-11-2007;12:45;Tue;207;335;310;259
20-11-2007;13:00;Tue;236;372;307;276
20-11-2007;13:15;Tue;195;300;260;263
20-11-2007;13:30;Tue;217;398;282;245
20-11-2007;13:45;Tue;217;361;328;287
20-11-2007;14:00;Tue;222;410;310;260
20-11-2007;14:15;Tue;222;377;343;322
20-11-2007;14:30;Tue;233;455;342;284
20-11-2007;14:45;Tue;233;449;324;273
20-11-2007;15:00;Tue;234;482;326;279
20-11-2007;15:15;Tue;281;591;448;369
20-11-2007;15:30;Tue;264;506;424;363
20-11-2007;15:45;Tue;221;481;454;380
20-11-2007;16:00;Tue;220;458;408;372
20-11-2007;16:15;Tue;257;518;518;440
20-11-2007;16:30;Tue;231;466;446;396
20-11-2007;16:45;Tue;230;434;464;401
20-11-2007;17:00;Tue;200;383;397;333
20-11-2007;17:15;Tue;164;322;407;335
20-11-2007;17:30;Tue;149;273;311;243
20-11-2007;17:45;Tue;150;276;283;233
20-11-2007;18:00;Tue;149;252;266;221
20-11-2007;18:15;Tue;122;225;210;184
20-11-2007;18:30;Tue;119;181;194;160
20-11-2007;18:45;Tue;101;181;177;139
20-11-2007;19:00;Tue;107;172;175;130
20-11-2007;19:15;Tue;72;135;141;135
20-11-2007;19:30;Tue;86;128;153;114
20-11-2007;19:45;Tue;75;122;96;81
20-11-2007;20:00;Tue;88;132;96;80
20-11-2007;20:15;Tue;66;101;79;70
20-11-2007;20:30;Tue;70;98;75;60
20-11-2007;20:45;Tue;62;111;76;69
20-11-2007;21:00;Tue;56;97;67;57
20-11-2007;21:15;Tue;63;84;68;54
20-11-2007;21:30;Tue;67;108;77;77
20-11-2007;21:45;Tue;61;85;73;64
20-11-2007;22:00;Tue;63;90;64;56
20-11-2007;22:15;Tue;71;94;58;53
20-11-2007;22:30;Tue;41;57;50;42
20-11-2007;22:45;Tue;47;65;63;50
20-11-2007;23:00;Tue;39;64;48;28
20-11-2007;23:15;Tue;53;69;45;43
20-11-2007;23:30;Tue;47;60;26;30
20-11-2007;23:45;Tue;30;47;38;32
21-11-2007;00:00;Wed;23;35;16;19
21-11-2007;00:15;Wed;11;18;14;14
21-11-2007;00:30;Wed;7;8;7;8
21-11-2007;00:45;Wed;11;12;12;11
21-11-2007;01:00;Wed;7;7;5;6
21-11-2007;01:15;Wed;5;6;6;5
21-11-2007;01:30;Wed;2;2;3;2
21-11-2007;01:45;Wed;4;4;5;5
21-11-2007;02:00;Wed;0;0;0;0
21-11-2007;02:15;Wed;0;0;0;0
21-11-2007;02:30;Wed;2;2;2;3
21-11-2007;02:45;Wed;0;0;0;0
21-11-2007;03:00;Wed;0;0;0;0
21-11-2007;03:15;Wed;5;5;5;8
21-11-2007;03:30;Wed;4;3;3;3
21-11-2007;03:45;Wed;2;3;2;2
21-11-2007;04:00;Wed;0;0;0;0
21-11-2007;04:15;Wed;2;3;2;2
21-11-2007;04:30;Wed;8;9;10;9
21-11-2007;04:45;Wed;13;14;27;27
21-11-2007;05:00;Wed;12;18;12;17
21-11-2007;05:15;Wed;17;21;17;20
21-11-2007;05:30;Wed;28;34;30;33
21-11-2007;05:45;Wed;42;60;45;59
21-11-2007;06:00;Wed;62;78;91;118
21-11-2007;06:15;Wed;75;103;118;149
21-11-2007;06:30;Wed;111;148;161;179
21-11-2007;06:45;Wed;154;246;238;260
21-11-2007;07:00;Wed;221;357;345;384
21-11-2007;07:15;Wed;248;336;383;392
21-11-2007;07:30;Wed;319;455;432;424
21-11-2007;07:45;Wed;342;522;463;494
21-11-2007;08:00;Wed;420;680;552;559
21-11-2007;08:15;Wed;370;619;490;452
21-11-2007;08:30;Wed;382;696;555;535
21-11-2007;08:45;Wed;325;564;458;473
21-11-2007;09:00;Wed;366;671;480;515
21-11-2007;09:15;Wed;247;423;351;348
21-11-2007;09:30;Wed;219;362;342;340
21-11-2007;09:45;Wed;249;389;378;376
21-11-2007;10:00;Wed;237;398;341;312
21-11-2007;10:15;Wed;218;346;255;238
21-11-2007;10:30;Wed;223;370;260;232
21-11-2007;10:45;Wed;221;330;277;234
21-11-2007;11:00;Wed;193;332;274;249
21-11-2007;11:15;Wed;160;273;212;219
21-11-2007;11:30;Wed;195;326;252;239
21-11-2007;11:45;Wed;219;385;292;276
21-11-2007;12:00;Wed;209;343;317;300
21-11-2007;12:15;Wed;185;335;307;275
21-11-2007;12:30;Wed;255;407;312;286
21-11-2007;12:45;Wed;258;430;322;319
21-11-2007;13:00;Wed;243;376;301;250
21-11-2007;13:15;Wed;193;331;266;246
21-11-2007;13:30;Wed;206;368;313;261
21-11-2007;13:45;Wed;219;339;309;272
21-11-2007;14:00;Wed;212;387;293;278
21-11-2007;14:15;Wed;232;474;348;309
21-11-2007;14:30;Wed;285;552;427;374
21-11-2007;14:45;Wed;231;466;345;307
21-11-2007;15:00;Wed;282;550;405;358
21-11-2007;15:15;Wed;270;587;489;395
21-11-2007;15:30;Wed;264;528;473;394
21-11-2007;15:45;Wed;251;482;410;335
21-11-2007;16:00;Wed;234;479;426;360
21-11-2007;16:15;Wed;248;483;513;423
21-11-2007;16:30;Wed;229;457;478;399
21-11-2007;16:45;Wed;238;447;413;367
21-11-2007;17:00;Wed;194;373;385;350
21-11-2007;17:15;Wed;165;331;343;296
21-11-2007;17:30;Wed;173;321;343;289
21-11-2007;17:45;Wed;150;282;288;236
21-11-2007;18:00;Wed;130;222;248;205
21-11-2007;18:15;Wed;153;220;236;191
21-11-2007;18:30;Wed;95;184;201;164
21-11-2007;18:45;Wed;128;185;159;145
21-11-2007;19:00;Wed;122;172;188;147
21-11-2007;19:15;Wed;98;169;162;136
21-11-2007;19:30;Wed;75;144;107;84
21-11-2007;19:45;Wed;71;113;105;89
21-11-2007;20:00;Wed;70;101;111;87
21-11-2007;20:15;Wed;53;88;86;71
21-11-2007;20:30;Wed;76;90;102;77
21-11-2007;20:45;Wed;64;93;78;64
21-11-2007;21:00;Wed;58;80;75;60
21-11-2007;21:15;Wed;60;73;66;62
21-11-2007;21:30;Wed;48;93;66;51
21-11-2007;21:45;Wed;62;87;67;63
21-11-2007;22:00;Wed;46;71;61;44
21-11-2007;22:15;Wed;53;73;56;48
21-11-2007;22:30;Wed;81;100;59;60
21-11-2007;22:45;Wed;54;74;66;49
21-11-2007;23:00;Wed;58;73;63;53
21-11-2007;23:15;Wed;53;71;54;42
21-11-2007;23:30;Wed;53;70;42;42
21-11-2007;23:45;Wed;35;71;22;21
22-11-2007;00:00;Thu;34;36;26;18
22-11-2007;00:15;Thu;13;13;9;8
22-11-2007;00:30;Thu;13;17;12;9
22-11-2007;00:45;Thu;19;21;25;18
22-11-2007;01:00;Thu;8;8;7;7
22-11-2007;01:15;Thu;4;6;4;4
22-11-2007;01:30;Thu;4;4;3;3
22-11-2007;01:45;Thu;0;0;0;0
22-11-2007;02:00;Thu;0;0;0;0
22-11-2007;02:15;Thu;0;0;0;0
22-11-2007;02:30;Thu;0;0;0;0
22-11-2007;02:45;Thu;3;3;4;5
22-11-2007;03:00;Thu;4;5;5;5
22-11-2007;03:15;Thu;2;2;3;2
22-11-2007;03:30;Thu;2;3;2;2
22-11-2007;03:45;Thu;3;4;4;4
22-11-2007;04:00;Thu;0;0;0;0
22-11-2007;04:15;Thu;4;5;5;4
22-11-2007;04:30;Thu;11;11;14;14
22-11-2007;04:45;Thu;6;6;10;10
22-11-2007;05:00;Thu;12;13;16;20
22-11-2007;05:15;Thu;18;18;18;22
22-11-2007;05:30;Thu;28;34;29;35
22-11-2007;05:45;Thu;49;52;44;62
22-11-2007;06:00;Thu;61;87;89;113
22-11-2007;06:15;Thu;69;87;105;128
22-11-2007;06:30;Thu;92;150;149;169
22-11-2007;06:45;Thu;159;258;266;298
22-11-2007;07:00;Thu;207;317;311;329
22-11-2007;07:15;Thu;240;325;415;422
22-11-2007;07:30;Thu;313;438;422;426
22-11-2007;07:45;Thu;389;594;541;538
22-11-2007;08:00;Thu;393;623;490;491
22-11-2007;08:15;Thu;341;598;480;464
22-11-2007;08:30;Thu;358;608;460;475
22-11-2007;08:45;Thu;343;610;455;464
22-11-2007;09:00;Thu;290;523;399;410
22-11-2007;09:15;Thu;264;423;364;366
22-11-2007;09:30;Thu;213;354;299;301
22-11-2007;09:45;Thu;237;371;331;297
22-11-2007;10:00;Thu;234;401;310;317
22-11-2007;10:15;Thu;182;319;256;254
22-11-2007;10:30;Thu;220;354;289;281
22-11-2007;10:45;Thu;221;356;289;252
22-11-2007;11:00;Thu;231;361;296;260
22-11-2007;11:15;Thu;273;499;305;283
22-11-2007;11:30;Thu;217;381;283;269
22-11-2007;11:45;Thu;224;367;333;310
22-11-2007;12:00;Thu;206;365;281;256
22-11-2007;12:15;Thu;211;347;297;248
22-11-2007;12:30;Thu;242;404;350;306
22-11-2007;12:45;Thu;203;342;277;233
22-11-2007;13:00;Thu;206;342;270;243
22-11-2007;13:15;Thu;205;330;306;266
22-11-2007;13:30;Thu;276;485;353;315
22-11-2007;13:45;Thu;237;444;345;334
22-11-2007;14:00;Thu;199;376;294;255
22-11-2007;14:15;Thu;219;418;342;308
22-11-2007;14:30;Thu;271;456;310;273
22-11-2007;14:45;Thu;288;553;417;397
22-11-2007;15:00;Thu;239;494;368;318
22-11-2007;15:15;Thu;345;730;537;419
22-11-2007;15:30;Thu;258;521;477;398
22-11-2007;15:45;Thu;261;516;493;416
22-11-2007;16:00;Thu;258;519;449;421
22-11-2007;16:15;Thu;211;439;452;383
22-11-2007;16:30;Thu;323;706;706;566
22-11-2007;16:45;Thu;243;438;419;375
22-11-2007;17:00;Thu;240;479;440;376
22-11-2007;17:15;Thu;198;391;366;285
22-11-2007;17:30;Thu;184;345;360;318
22-11-2007;17:45;Thu;159;286;315;266
22-11-2007;18:00;Thu;163;343;305;227
22-11-2007;18:15;Thu;155;273;276;220
22-11-2007;18:30;Thu;132;194;217;182
22-11-2007;18:45;Thu;120;187;201;170
22-11-2007;19:00;Thu;117;183;180;153
22-11-2007;19:15;Thu;98;171;153;118
22-11-2007;19:30;Thu;92;132;109;90
22-11-2007;19:45;Thu;69;111;103;82
22-11-2007;20:00;Thu;90;133;130;105
22-11-2007;20:15;Thu;66;104;107;83
22-11-2007;20:30;Thu;80;111;99;83
22-11-2007;20:45;Thu;74;97;95;69
22-11-2007;21:00;Thu;57;98;77;52
22-11-2007;21:15;Thu;63;95;57;49
22-11-2007;21:30;Thu;60;92;73;53
22-11-2007;21:45;Thu;62;85;82;62
22-11-2007;22:00;Thu;60;77;64;54
22-11-2007;22:15;Thu;49;95;60;56
22-11-2007;22:30;Thu;55;77;71;65
22-11-2007;22:45;Thu;54;70;57;51
22-11-2007;23:00;Thu;55;64;44;37
22-11-2007;23:15;Thu;50;73;54;47
22-11-2007;23:30;Thu;39;51;27;25
22-11-2007;23:45;Thu;38;64;32;33
23-11-2007;00:00;Fri;23;36;20;16
23-11-2007;00:15;Fri;16;16;10;12
23-11-2007;00:30;Fri;16;27;13;13
23-11-2007;00:45;Fri;11;14;6;7
23-11-2007;01:00;Fri;11;16;13;9
23-11-2007;01:15;Fri;3;3;4;5
23-11-2007;01:30;Fri;3;4;3;3
23-11-2007;01:45;Fri;10;12;7;7
23-11-2007;02:00;Fri;5;4;4;5
23-11-2007;02:15;Fri;2;2;3;3
23-11-2007;02:30;Fri;2;3;2;2
23-11-2007;02:45;Fri;2;2;2;3
23-11-2007;03:00;Fri;1;2;1;1
23-11-2007;03:15;Fri;5;6;5;6
23-11-2007;03:30;Fri;4;4;5;5
23-11-2007;03:45;Fri;1;1;2;1
23-11-2007;04:00;Fri;1;1;1;1
23-11-2007;04:15;Fri;3;3;3;6
23-11-2007;04:30;Fri;7;9;7;6
23-11-2007;04:45;Fri;9;9;12;14
23-11-2007;05:00;Fri;9;14;12;14
23-11-2007;05:15;Fri;17;17;25;27
23-11-2007;05:30;Fri;22;35;30;35
23-11-2007;05:45;Fri;36;48;58;74
23-11-2007;06:00;Fri;66;103;85;122
23-11-2007;06:15;Fri;71;89;111;151
23-11-2007;06:30;Fri;85;135;143;149
23-11-2007;06:45;Fri;141;231;241;259
23-11-2007;07:00;Fri;222;336;334;360
23-11-2007;07:15;Fri;248;314;328;334
23-11-2007;07:30;Fri;323;496;424;456
23-11-2007;07:45;Fri;324;508;419;444
23-11-2007;08:00;Fri;377;593;516;511
23-11-2007;08:15;Fri;344;574;484;465
23-11-2007;08:30;Fri;321;571;414;433
23-11-2007;08:45;Fri;340;610;427;437
23-11-2007;09:00;Fri;293;514;368;393
23-11-2007;09:15;Fri;250;418;304;314
23-11-2007;09:30;Fri;203;344;293;261
23-11-2007;09:45;Fri;194;309;308;278
23-11-2007;10:00;Fri;198;334;256;261
23-11-2007;10:15;Fri;188;315;249;225
23-11-2007;10:30;Fri;210;320;248;228
23-11-2007;10:45;Fri;204;328;300;265
23-11-2007;11:00;Fri;196;334;287;259
23-11-2007;11:15;Fri;213;391;295;258
23-11-2007;11:30;Fri;179;339;245;221
23-11-2007;11:45;Fri;193;364;304;262
23-11-2007;12:00;Fri;207;348;297;264
23-11-2007;12:15;Fri;253;412;339;295
23-11-2007;12:30;Fri;209;375;294;242
23-11-2007;12:45;Fri;226;364;309;264
23-11-2007;13:00;Fri;196;352;357;325
23-11-2007;13:15;Fri;197;367;301;257
23-11-2007;13:30;Fri;188;358;306;254
23-11-2007;13:45;Fri;280;495;401;326
23-11-2007;14:00;Fri;225;422;317;257
23-11-2007;14:15;Fri;220;409;348;303
23-11-2007;14:30;Fri;247;471;419;354
23-11-2007;14:45;Fri;250;525;413;369
23-11-2007;15:00;Fri;259;528;396;330
23-11-2007;15:15;Fri;270;557;473;386
23-11-2007;15:30;Fri;245;542;551;436
23-11-2007;15:45;Fri;286;543;555;484
23-11-2007;16:00;Fri;283;563;523;432
23-11-2007;16:15;Fri;258;535;487;401
23-11-2007;16:30;Fri;224;434;425;350
23-11-2007;16:45;Fri;202;359;396;336
23-11-2007;17:00;Fri;176;329;365;308
23-11-2007;17:15;Fri;185;318;320;271
23-11-2007;17:30;Fri;166;278;269;233
23-11-2007;17:45;Fri;138;256;268;217
23-11-2007;18:00;Fri;150;251;237;197
23-11-2007;18:15;Fri;142;238;255;202
23-11-2007;18:30;Fri;127;207;189;174
23-11-2007;18:45;Fri;104;174;198;161
23-11-2007;19:00;Fri;107;161;181;145
23-11-2007;19:15;Fri;83;139;132;121
23-11-2007;19:30;Fri;76;127;131;113
23-11-2007;19:45;Fri;71;111;120;91
23-11-2007;20:00;Fri;55;83;83;63
23-11-2007;20:15;Fri;51;79;60;47
23-11-2007;20:30;Fri;41;68;58;54
23-11-2007;20:45;Fri;66;92;71;55
23-11-2007;21:00;Fri;49;81;54;46
23-11-2007;21:15;Fri;51;67;57;51
23-11-2007;21:30;Fri;44;61;44;47
23-11-2007;21:45;Fri;46;73;54;46
23-11-2007;22:00;Fri;72;94;59;48
23-11-2007;22:15;Fri;43;69;51;60
23-11-2007;22:30;Fri;50;66;58;61
23-11-2007;22:45;Fri;35;56;50;44
23-11-2007;23:00;Fri;48;64;60;51
23-11-2007;23:15;Fri;42;59;59;52
23-11-2007;23:30;Fri;59;69;46;54
23-11-2007;23:45;Fri;44;62;50;51
24-11-2007;00:00;Sat;47;79;56;46
24-11-2007;00:15;Sat;39;68;40;39
24-11-2007;00:30;Sat;42;51;20;25
24-11-2007;00:45;Sat;21;32;24;25
24-11-2007;01:00;Sat;24;30;24;24
24-11-2007;01:15;Sat;31;37;29;24
24-11-2007;01:30;Sat;25;27;21;16
24-11-2007;01:45;Sat;25;24;18;19
24-11-2007;02:00;Sat;12;20;18;18
24-11-2007;02:15;Sat;21;23;14;19
24-11-2007;02:30;Sat;7;9;7;8
24-11-2007;02:45;Sat;12;21;10;11
24-11-2007;03:00;Sat;14;16;12;11
24-11-2007;03:15;Sat;6;6;9;7
24-11-2007;03:30;Sat;7;9;6;7
24-11-2007;03:45;Sat;7;9;7;6
24-11-2007;04:00;Sat;22;28;12;13
24-11-2007;04:15;Sat;8;10;12;12
24-11-2007;04:30;Sat;6;7;8;6
24-11-2007;04:45;Sat;8;9;6;6
24-11-2007;05:00;Sat;2;2;3;2
24-11-2007;05:15;Sat;3;4;5;6
24-11-2007;05:30;Sat;9;15;9;12
24-11-2007;05:45;Sat;12;13;15;13
24-11-2007;06:00;Sat;8;9;6;7
24-11-2007;06:15;Sat;13;16;21;16
24-11-2007;06:30;Sat;12;15;12;12
24-11-2007;06:45;Sat;35;35;24;20
24-11-2007;07:00;Sat;38;37;30;26
24-11-2007;07:15;Sat;46;40;41;37
24-11-2007;07:30;Sat;58;50;44;32
24-11-2007;07:45;Sat;61;70;50;50
24-11-2007;08:00;Sat;61;72;52;47
24-11-2007;08:15;Sat;31;52;38;35
24-11-2007;08:30;Sat;44;61;46;33
24-11-2007;08:45;Sat;61;84;77;64
24-11-2007;09:00;Sat;75;107;94;90
24-11-2007;09:15;Sat;61;91;87;67
24-11-2007;09:30;Sat;81;122;121;101
24-11-2007;09:45;Sat;84;121;108;94
24-11-2007;10:00;Sat;114;172;172;149
24-11-2007;10:15;Sat;114;161;134;100
24-11-2007;10:30;Sat;139;188;136;114
24-11-2007;10:45;Sat;126;197;162;125
24-11-2007;11:00;Sat;115;185;156;142
24-11-2007;11:15;Sat;149;223;181;161
24-11-2007;11:30;Sat;144;235;180;150
24-11-2007;11:45;Sat;124;218;190;163
24-11-2007;12:00;Sat;168;236;220;172
24-11-2007;12:15;Sat;134;231;237;205
24-11-2007;12:30;Sat;146;249;230;196
24-11-2007;12:45;Sat;147;243;216;186
24-11-2007;13:00;Sat;157;250;204;175
24-11-2007;13:15;Sat;136;233;218;185
24-11-2007;13:30;Sat;154;245;187;168
24-11-2007;13:45;Sat;162;221;199;183
24-11-2007;14:00;Sat;174;248;230;187
24-11-2007;14:15;Sat;150;233;182;169
24-11-2007;14:30;Sat;152;240;188;156
24-11-2007;14:45;Sat;141;219;199;171
24-11-2007;15:00;Sat;127;202;208;189
24-11-2007;15:15;Sat;151;199;175;155
24-11-2007;15:30;Sat;133;209;187;160
24-11-2007;15:45;Sat;126;157;175;149
24-11-2007;16:00;Sat;118;185;184;148
24-11-2007;16:15;Sat;112;196;171;160
24-11-2007;16:30;Sat;117;160;156;136
24-11-2007;16:45;Sat;107;177;149;143
24-11-2007;17:00;Sat;104;156;143;126
24-11-2007;17:15;Sat;106;161;158;142
24-11-2007;17:30;Sat;112;179;138;116
24-11-2007;17:45;Sat;117;170;135;107
24-11-2007;18:00;Sat;129;189;156;124
24-11-2007;18:15;Sat;74;126;108;93
24-11-2007;18:30;Sat;85;136;86;78
24-11-2007;18:45;Sat;87;117;89;69
24-11-2007;19:00;Sat;58;92;61;44
24-11-2007;19:15;Sat;61;86;53;47
24-11-2007;19:30;Sat;55;66;37;28
24-11-2007;19:45;Sat;50;82;57;46
24-11-2007;20:00;Sat;47;65;60;47
24-11-2007;20:15;Sat;46;72;48;41
24-11-2007;20:30;Sat;52;82;60;40
24-11-2007;20:45;Sat;32;46;55;46
24-11-2007;21:00;Sat;38;59;41;39
24-11-2007;21:15;Sat;40;52;35;32
24-11-2007;21:30;Sat;22;28;27;21
24-11-2007;21:45;Sat;48;50;54;55
24-11-2007;22:00;Sat;44;65;59;54
24-11-2007;22:15;Sat;44;58;56;53
24-11-2007;22:30;Sat;56;87;68;55
24-11-2007;22:45;Sat;43;55;65;56
24-11-2007;23:00;Sat;56;68;75;58
24-11-2007;23:15;Sat;55;61;70;63
24-11-2007;23:30;Sat;59;84;57;49
24-11-2007;23:45;Sat;44;69;61;51
25-11-2007;00:00;Sun;46;60;55;54
25-11-2007;00:15;Sun;44;66;45;50
25-11-2007;00:30;Sun;44;54;63;53
25-11-2007;00:45;Sun;38;55;45;38
25-11-2007;01:00;Sun;39;44;36;34
25-11-2007;01:15;Sun;33;36;47;36
25-11-2007;01:30;Sun;31;41;29;38
25-11-2007;01:45;Sun;29;34;25;23
25-11-2007;02:00;Sun;17;19;39;28
25-11-2007;02:15;Sun;19;24;19;14
25-11-2007;02:30;Sun;36;41;20;18
25-11-2007;02:45;Sun;21;23;9;9
25-11-2007;03:00;Sun;10;17;13;14
25-11-2007;03:15;Sun;10;11;17;13
25-11-2007;03:30;Sun;19;21;20;13
25-11-2007;03:45;Sun;7;11;8;9
25-11-2007;04:00;Sun;14;15;9;8
25-11-2007;04:15;Sun;10;11;7;7
25-11-2007;04:30;Sun;2;3;2;2
25-11-2007;04:45;Sun;7;13;6;6
25-11-2007;05:00;Sun;8;10;8;14
25-11-2007;05:15;Sun;2;2;3;2
25-11-2007;05:30;Sun;5;7;5;7
25-11-2007;05:45;Sun;3;4;4;7
25-11-2007;06:00;Sun;3;3;3;4
25-11-2007;06:15;Sun;8;7;5;5
25-11-2007;06:30;Sun;12;15;13;8
25-11-2007;06:45;Sun;18;20;13;15
25-11-2007;07:00;Sun;18;25;15;18
25-11-2007;07:15;Sun;27;28;28;29
25-11-2007;07:30;Sun;51;41;33;31
25-11-2007;07:45;Sun;36;44;28;30
25-11-2007;08:00;Sun;48;64;37;36
25-11-2007;08:15;Sun;34;49;22;17
25-11-2007;08:30;Sun;37;42;32;32
25-11-2007;08:45;Sun;48;50;36;35
25-11-2007;09:00;Sun;50;72;48;46
25-11-2007;09:15;Sun;37;52;48;39
25-11-2007;09:30;Sun;44;67;60;55
25-11-2007;09:45;Sun;62;76;73;55
25-11-2007;10:00;Sun;88;137;107;84
25-11-2007;10:15;Sun;80;111;78;70
25-11-2007;10:30;Sun;78;129;105;83
25-11-2007;10:45;Sun;97;148;112;101
25-11-2007;11:00;Sun;77;151;128;109
25-11-2007;11:15;Sun;122;163;121;112
25-11-2007;11:30;Sun;110;176;107;101
25-11-2007;11:45;Sun;111;175;122;110
25-11-2007;12:00;Sun;124;188;134;109
25-11-2007;12:15;Sun;89;174;139;126
25-11-2007;12:30;Sun;118;206;147;121
25-11-2007;12:45;Sun;138;232;136;118
25-11-2007;13:00;Sun;128;212;160;130
25-11-2007;13:15;Sun;133;218;138;132
25-11-2007;13:30;Sun;159;270;165;146
25-11-2007;13:45;Sun;142;236;160;151
25-11-2007;14:00;Sun;127;192;177;161
25-11-2007;14:15;Sun;128;197;173;148
25-11-2007;14:30;Sun;120;181;187;161
25-11-2007;14:45;Sun;133;189;180;145
25-11-2007;15:00;Sun;153;176;197;172
25-11-2007;15:15;Sun;145;187;195;179
25-11-2007;15:30;Sun;113;159;160;144
25-11-2007;15:45;Sun;127;183;154;133
25-11-2007;16:00;Sun;128;174;160;128
25-11-2007;16:15;Sun;101;159;133;129
25-11-2007;16:30;Sun;101;154;148;137
25-11-2007;16:45;Sun;100;156;144;132
25-11-2007;17:00;Sun;94;136;139;107
25-11-2007;17:15;Sun;110;147;155;126
25-11-2007;17:30;Sun;109;164;133;121
25-11-2007;17:45;Sun;102;159;139;110
25-11-2007;18:00;Sun;106;144;120;93
25-11-2007;18:15;Sun;77;124;110;91
25-11-2007;18:30;Sun;87;126;107;89
25-11-2007;18:45;Sun;74;120;110;87
25-11-2007;19:00;Sun;76;126;101;78
25-11-2007;19:15;Sun;64;102;84;68
25-11-2007;19:30;Sun;58;89;87;69
25-11-2007;19:45;Sun;54;81;95;75
25-11-2007;20:00;Sun;55;75;73;51
25-11-2007;20:15;Sun;34;48;55;53
25-11-2007;20:30;Sun;43;57;51;38
25-11-2007;20:45;Sun;33;35;38;42
25-11-2007;21:00;Sun;30;39;30;28
25-11-2007;21:15;Sun;25;39;47;34
25-11-2007;21:30;Sun;35;58;39;40
25-11-2007;21:45;Sun;46;64;51;37
25-11-2007;22:00;Sun;36;47;45;37
25-11-2007;22:15;Sun;44;59;47;41
25-11-2007;22:30;Sun;35;49;49;38
25-11-2007;22:45;Sun;35;40;44;36
25-11-2007;23:00;Sun;34;39;42;31
25-11-2007;23:15;Sun;29;26;39;21
25-11-2007;23:30;Sun;25;26;18;24
25-11-2007;23:45;Sun;15;31;19;14
26-11-2007;00:00;Mon;13;21;17;15
26-11-2007;00:15;Mon;10;14;16;15
26-11-2007;00:30;Mon;18;21;12;12
26-11-2007;00:45;Mon;7;6;8;9
26-11-2007;01:00;Mon;5;7;7;7
26-11-2007;01:15;Mon;9;7;5;5
26-11-2007;01:30;Mon;6;8;7;6
26-11-2007;01:45;Mon;2;2;3;2
26-11-2007;02:00;Mon;4;5;4;5
26-11-2007;02:15;Mon;0;0;0;0
26-11-2007;02:30;Mon;2;2;3;3
26-11-2007;02:45;Mon;0;0;0;0
26-11-2007;03:00;Mon;4;4;6;4
26-11-2007;03:15;Mon;2;3;2;2
26-11-2007;03:30;Mon;0;0;0;0
26-11-2007;03:45;Mon;5;4;4;5
26-11-2007;04:00;Mon;2;2;2;3
26-11-2007;04:15;Mon;6;6;4;4
26-11-2007;04:30;Mon;8;11;10;10
26-11-2007;04:45;Mon;5;7;5;6
26-11-2007;05:00;Mon;6;7;7;13
26-11-2007;05:15;Mon;19;31;15;18
26-11-2007;05:30;Mon;25;34;23;41
26-11-2007;05:45;Mon;48;53;48;55
26-11-2007;06:00;Mon;71;102;87;118
26-11-2007;06:15;Mon;67;98;99;126
26-11-2007;06:30;Mon;98;139;176;182
26-11-2007;06:45;Mon;206;312;265;276
26-11-2007;07:00;Mon;232;347;338;360
26-11-2007;07:15;Mon;220;282;372;379
26-11-2007;07:30;Mon;355;468;489;502
26-11-2007;07:45;Mon;361;502;451;456
26-11-2007;08:00;Mon;402;633;467;485
26-11-2007;08:15;Mon;344;590;486;461
26-11-2007;08:30;Mon;426;757;625;609
26-11-2007;08:45;Mon;314;569;414;438
26-11-2007;09:00;Mon;411;726;557;586
26-11-2007;09:15;Mon;317;588;507;504
26-11-2007;09:30;Mon;201;357;337;335
26-11-2007;09:45;Mon;204;345;336;332
26-11-2007;10:00;Mon;198;357;345;345
26-11-2007;10:15;Mon;173;309;320;300
26-11-2007;10:30;Mon;202;334;307;287
26-11-2007;10:45;Mon;199;333;292;293
26-11-2007;11:00;Mon;204;327;314;308
26-11-2007;11:15;Mon;192;329;285;261
26-11-2007;11:30;Mon;189;326;301;273
26-11-2007;11:45;Mon;195;315;268;225
26-11-2007;12:00;Mon;204;344;258;256
26-11-2007;12:15;Mon;203;347;279;280
26-11-2007;12:30;Mon;219;366;311;276
26-11-2007;12:45;Mon;231;355;287;269
26-11-2007;13:00;Mon;221;371;276;240
26-11-2007;13:15;Mon;199;329;256;224
26-11-2007;13:30;Mon;219;353;287;235
26-11-2007;13:45;Mon;214;379;300;283
26-11-2007;14:00;Mon;202;362;315;253
26-11-2007;14:15;Mon;200;382;342;297
26-11-2007;14:30;Mon;229;451;278;254
26-11-2007;14:45;Mon;243;460;331;315
26-11-2007;15:00;Mon;242;471;371;311
26-11-2007;15:15;Mon;295;556;464;381
26-11-2007;15:30;Mon;221;480;481;399
26-11-2007;15:45;Mon;234;477;430;369
26-11-2007;16:00;Mon;195;456;442;399
26-11-2007;16:15;Mon;231;485;470;401
26-11-2007;16:30;Mon;270;551;493;457
26-11-2007;16:45;Mon;271;525;436;414
26-11-2007;17:00;Mon;232;428;395;381
26-11-2007;17:15;Mon;202;360;447;388
26-11-2007;17:30;Mon;183;334;398;343
26-11-2007;17:45;Mon;149;283;348;292
26-11-2007;18:00;Mon;140;253;291;240
26-11-2007;18:15;Mon;123;226;255;203
26-11-2007;18:30;Mon;124;186;210;171
26-11-2007;18:45;Mon;104;160;159;141
26-11-2007;19:00;Mon;93;152;178;142
26-11-2007;19:15;Mon;85;132;109;92
26-11-2007;19:30;Mon;87;143;130;112
26-11-2007;19:45;Mon;55;113;91;60
26-11-2007;20:00;Mon;74;114;100;83
26-11-2007;20:15;Mon;65;107;111;74
26-11-2007;20:30;Mon;64;80;80;65
26-11-2007;20:45;Mon;63;77;66;64
26-11-2007;21:00;Mon;50;85;56;55
26-11-2007;21:15;Mon;67;84;61;45
26-11-2007;21:30;Mon;50;80;59;57
26-11-2007;21:45;Mon;52;70;59;52
26-11-2007;22:00;Mon;48;64;57;52
26-11-2007;22:15;Mon;47;79;61;50
26-11-2007;22:30;Mon;58;83;60;56
26-11-2007;22:45;Mon;53;74;62;50
26-11-2007;23:00;Mon;40;52;54;41
26-11-2007;23:15;Mon;62;64;62;41
26-11-2007;23:30;Mon;42;47;39;35
26-11-2007;23:45;Mon;30;42;23;26
27-11-2007;00:00;Tue;17;41;15;15
27-11-2007;00:15;Tue;21;36;21;17
27-11-2007;00:30;Tue;14;22;16;11
27-11-2007;00:45;Tue;9;16;11;13
27-11-2007;01:00;Tue;5;5;6;8
27-11-2007;01:15;Tue;4;6;6;4
27-11-2007;01:30;Tue;10;10;11;13
27-11-2007;01:45;Tue;1;1;1;1
27-11-2007;02:00;Tue;0;0;0;0
27-11-2007;02:15;Tue;0;0;0;0
27-11-2007;02:30;Tue;4;5;5;4
27-11-2007;02:45;Tue;0;0;0;0
27-11-2007;03:00;Tue;0;0;0;0
27-11-2007;03:15;Tue;4;4;5;5
27-11-2007;03:30;Tue;0;0;0;0
27-11-2007;03:45;Tue;4;5;3;3
27-11-2007;04:00;Tue;2;2;3;3
27-11-2007;04:15;Tue;0;0;0;0
27-11-2007;04:30;Tue;5;5;8;9
27-11-2007;04:45;Tue;10;12;13;13
27-11-2007;05:00;Tue;12;17;9;11
27-11-2007;05:15;Tue;18;25;18;30
27-11-2007;05:30;Tue;29;29;29;33
27-11-2007;05:45;Tue;38;53;49;69
27-11-2007;06:00;Tue;64;89;90;115
27-11-2007;06:15;Tue;50;78;115;133
27-11-2007;06:30;Tue;73;132;157;170
27-11-2007;06:45;Tue;156;257;257;274
27-11-2007;07:00;Tue;239;346;358;389
27-11-2007;07:15;Tue;304;418;406;403
27-11-2007;07:30;Tue;366;513;472;483
27-11-2007;07:45;Tue;382;578;488;509
27-11-2007;08:00;Tue;389;592;488;502
27-11-2007;08:15;Tue;515;831;675;663
27-11-2007;08:30;Tue;380;656;487;461
27-11-2007;08:45;Tue;334;594;535;522
27-11-2007;09:00;Tue;262;452;455;439
27-11-2007;09:15;Tue;278;476;424;430
27-11-2007;09:30;Tue;224;372;339;343
27-11-2007;09:45;Tue;202;343;302;310
27-11-2007;10:00;Tue;203;351;315;300
27-11-2007;10:15;Tue;212;349;338;307
27-11-2007;10:30;Tue;210;350;321;293
27-11-2007;10:45;Tue;178;292;271;255
27-11-2007;11:00;Tue;230;398;317;301
27-11-2007;11:15;Tue;223;403;324;324
27-11-2007;11:30;Tue;248;375;365;324
27-11-2007;11:45;Tue;245;374;322;305
27-11-2007;12:00;Tue;196;321;270;268
27-11-2007;12:15;Tue;220;345;350;317
27-11-2007;12:30;Tue;221;369;312;299
27-11-2007;12:45;Tue;220;338;322;308
27-11-2007;13:00;Tue;246;385;314;284
27-11-2007;13:15;Tue;234;374;319;276
27-11-2007;13:30;Tue;228;366;299;275
27-11-2007;13:45;Tue;214;342;312;251
27-11-2007;14:00;Tue;234;400;298;250
27-11-2007;14:15;Tue;220;396;288;272
27-11-2007;14:30;Tue;216;421;339;281
27-11-2007;14:45;Tue;253;447;310;278
27-11-2007;15:00;Tue;268;508;385;345
27-11-2007;15:15;Tue;269;510;422;358
27-11-2007;15:30;Tue;240;477;441;368
27-11-2007;15:45;Tue;244;490;477;387
27-11-2007;16:00;Tue;256;498;497;444
27-11-2007;16:15;Tue;202;417;427;384
27-11-2007;16:30;Tue;275;546;476;463
27-11-2007;16:45;Tue;252;487;429;370
27-11-2007;17:00;Tue;246;486;457;387
27-11-2007;17:15;Tue;211;396;419;340
27-11-2007;17:30;Tue;199;327;368;312
27-11-2007;17:45;Tue;134;288;292;235
27-11-2007;18:00;Tue;145;237;247;211
27-11-2007;18:15;Tue;141;215;237;196
27-11-2007;18:30;Tue;121;220;230;179
27-11-2007;18:45;Tue;122;186;202;165
27-11-2007;19:00;Tue;121;178;160;128
27-11-2007;19:15;Tue;96;150;159;117
27-11-2007;19:30;Tue;85;153;142;119
27-11-2007;19:45;Tue;90;128;120;107
27-11-2007;20:00;Tue;77;111;87;61
27-11-2007;20:15;Tue;66;104;87;68
27-11-2007;20:30;Tue;56;86;86;69
27-11-2007;20:45;Tue;60;93;84;76
27-11-2007;21:00;Tue;68;87;69;56
27-11-2007;21:15;Tue;60;74;56;51
27-11-2007;21:30;Tue;56;100;49;55
27-11-2007;21:45;Tue;65;95;70;64
27-11-2007;22:00;Tue;58;80;64;48
27-11-2007;22:15;Tue;59;82;62;48
27-11-2007;22:30;Tue;52;76;67;52
27-11-2007;22:45;Tue;49;73;70;65
27-11-2007;23:00;Tue;45;53;46;44
27-11-2007;23:15;Tue;52;58;58;51
27-11-2007;23:30;Tue;48;57;33;30
27-11-2007;23:45;Tue;33;47;20;19
28-11-2007;00:00;Wed;20;44;25;20
28-11-2007;00:15;Wed;14;18;10;11
28-11-2007;00:30;Wed;20;25;18;18
28-11-2007;00:45;Wed;7;8;9;9
28-11-2007;01:00;Wed;7;7;10;13
28-11-2007;01:15;Wed;0;0;0;0
28-11-2007;01:30;Wed;3;4;4;3
28-11-2007;01:45;Wed;2;2;3;3
28-11-2007;02:00;Wed;2;3;2;2
28-11-2007;02:15;Wed;3;4;3;4
28-11-2007;02:30;Wed;0;0;0;0
28-11-2007;02:45;Wed;2;2;3;2
28-11-2007;03:00;Wed;0;0;0;0
28-11-2007;03:15;Wed;0;0;0;0
28-11-2007;03:30;Wed;6;7;5;5
28-11-2007;03:45;Wed;6;7;5;5
28-11-2007;04:00;Wed;0;0;0;0
28-11-2007;04:15;Wed;4;4;5;5
28-11-2007;04:30;Wed;5;6;7;6
28-11-2007;04:45;Wed;8;10;11;10
28-11-2007;05:00;Wed;14;16;11;20
28-11-2007;05:15;Wed;14;18;15;16
28-11-2007;05:30;Wed;27;26;40;46
28-11-2007;05:45;Wed;48;61;52;62
28-11-2007;06:00;Wed;53;72;81;103
28-11-2007;06:15;Wed;70;86;122;138
28-11-2007;06:30;Wed;71;113;141;155
28-11-2007;06:45;Wed;154;258;256;280
28-11-2007;07:00;Wed;215;323;303;310
28-11-2007;07:15;Wed;250;338;359;354
28-11-2007;07:30;Wed;345;468;430;414
28-11-2007;07:45;Wed;362;564;455;486
28-11-2007;08:00;Wed;376;592;478;456
28-11-2007;08:15;Wed;399;664;480;466
28-11-2007;08:30;Wed;328;593;463;473
28-11-2007;08:45;Wed;292;561;444;415
28-11-2007;09:00;Wed;327;522;412;419
28-11-2007;09:15;Wed;251;462;335;331
28-11-2007;09:30;Wed;231;365;342;317
28-11-2007;09:45;Wed;78;124;127;119
