Date;Time;D3;D4;D13;D14;D5;D6;D7;D8;D15;D18
13-11-2007;20:45:00;50;88;74;48;78;74;79;82;53;94
13-11-2007;21:00:00;47;79;63;40;70;86;79;95;56;77
13-11-2007;21:15:00;30;55;45;27;58;70;63;78;53;67
13-11-2007;21:30:00;46;78;65;48;62;67;79;77;63;88
13-11-2007;21:45:00;52;79;55;50;62;83;75;87;56;71
13-11-2007;22:00:00;44;74;46;37;60;73;87;71;58;82
13-11-2007;22:15:00;37;68;40;43;72;79;94;92;71;83
13-11-2007;22:30:00;37;52;38;42;70;68;83;78;50;84
13-11-2007;22:45:00;49;47;49;42;49;48;46;57;57;53
13-11-2007;23:00:00;49;50;52;38;56;55;65;49;59;66
13-11-2007;23:15:00;34;58;45;37;64;57;69;64;46;60
13-11-2007;23:30:00;40;48;35;44;50;35;51;34;24;54
13-11-2007;23:45:00;36;58;30;27;46;56;45;52;29;57
14-11-2007;00:00:00;28;31;21;19;30;29;33;36;26;47
14-11-2007;00:15:00;20;38;16;19;22;36;21;35;22;33
14-11-2007;00:30:00;13;20;16;14;25;27;27;28;22;29
14-11-2007;00:45:00;13;20;20;19;23;24;30;23;29;31
14-11-2007;01:00:00;14;18;17;17;13;18;23;20;34;22
14-11-2007;01:15:00;12;16;10;11;13;18;14;19;29;18
14-11-2007;01:30:00;4;5;3;3;15;16;18;15;13;17
14-11-2007;01:45:00;4;6;4;4;12;19;15;16;15;26
14-11-2007;02:15:00;6;9;5;5;7;13;7;11;8;7
14-11-2007;02:30:00;2;2;3;2;11;6;9;6;6;10
14-11-2007;02:45:00;2;3;2;2;10;11;13;11;12;13
14-11-2007;03:00:00;2;2;2;3;4;5;4;4;6;4
14-11-2007;03:15:00;4;5;5;5;2;3;2;2;2;2
14-11-2007;04:00:00;6;8;10;11;13;11;13;9;15;13
14-11-2007;04:30:00;4;3;3;4;5;4;4;4;5;4
14-11-2007;04:45:00;8;8;9;11;20;19;22;21;24;29
14-11-2007;05:00:00;6;6;6;10;22;17;21;17;23;26
14-11-2007;05:15:00;12;24;21;23;29;31;24;32;37;29
14-11-2007;05:30:00;22;27;34;42;41;31;44;30;34;37
14-11-2007;05:45:00;42;54;51;57;71;63;62;66;67;75
14-11-2007;06:00:00;59;71;81;108;112;98;105;97;87;124
14-11-2007;06:15:00;54;77;124;137;133;94;136;94;110;152
14-11-2007;06:30:00;86;136;141;164;200;146;181;150;133;231
14-11-2007;06:45:00;148;250;250;255;342;271;310;272;234;361
14-11-2007;07:00:00;196;322;317;348;408;342;384;343;279;411
14-11-2007;07:15:00;273;354;378;384;457;365;413;355;276;417
14-11-2007;07:30:00;366;519;459;460;608;530;548;526;417;551
14-11-2007;07:45:00;339;505;419;433;577;508;533;530;444;536
14-11-2007;08:00:00;392;601;485;498;549;564;524;552;415;510
14-11-2007;08:15:00;383;631;546;511;606;591;547;592;435;587
14-11-2007;08:30:00;328;554;459;464;542;537;478;550;445;530
14-11-2007;08:45:00;322;591;425;466;523;553;488;551;399;522
14-11-2007;09:00:00;236;417;388;400;457;415;424;418;304;471
14-11-2007;09:15:00;252;417;332;354;387;407;368;396;288;428
14-11-2007;09:30:00;209;395;340;302;360;382;372;374;300;358
14-11-2007;09:45:00;210;359;318;322;387;334;377;343;327;401
14-11-2007;10:00:00;220;334;342;326;349;308;352;292;236;389
14-11-2007;10:15:00;227;352;310;283;329;333;335;314;331;382
14-11-2007;10:30:00;202;312;290;268;340;309;342;303;299;386
14-11-2007;10:45:00;193;301;272;239;321;297;343;314;261;359
14-11-2007;11:00:00;251;412;333;311;359;360;372;386;300;415
14-11-2007;11:15:00;210;318;253;245;297;316;313;332;277;336
14-11-2007;11:30:00;203;360;300;272;310;337;349;354;320;377
14-11-2007;11:45:00;202;298;256;243;267;273;284;304;285;340
14-11-2007;12:00:00;213;384;272;246;333;377;333;386;299;365
14-11-2007;12:15:00;239;387;290;262;296;345;303;348;295;331
14-11-2007;12:30:00;214;341;315;271;340;357;363;395;332;386
14-11-2007;12:45:00;231;382;305;252;330;359;349;367;305;367
14-11-2007;13:00:00;228;377;287;246;332;330;345;369;293;354
14-11-2007;13:15:00;191;328;276;237;310;340;316;360;295;372
14-11-2007;13:30:00;220;359;289;274;329;329;359;349;306;379
14-11-2007;13:45:00;228;395;293;292;319;339;337;367;332;380
14-11-2007;14:00:00;199;374;290;274;328;361;326;368;319;394
14-11-2007;14:15:00;227;410;275;266;343;384;358;388;348;436
14-11-2007;14:30:00;248;464;303;283;372;415;368;429;374;423
14-11-2007;14:45:00;257;498;395;329;417;486;438;485;436;465
14-11-2007;15:00:00;269;524;373;339;417;450;417;463;417;482
14-11-2007;15:15:00;236;491;404;344;459;451;462;490;465;533
14-11-2007;15:30:00;226;471;430;357;476;463;462;483;463;574
14-11-2007;15:45:00;241;507;464;401;526;503;563;522;531;617
14-11-2007;16:00:00;255;534;446;392;445;483;479;508;461;539
14-11-2007;16:15:00;269;540;557;464;537;476;530;495;482;605
14-11-2007;16:30:00;246;484;544;456;586;471;586;501;517;662
14-11-2007;16:45:00;254;518;488;433;499;417;502;429;388;528
14-11-2007;17:00:00;220;400;455;388;546;364;543;376;360;583
14-11-2007;17:15:00;188;350;367;304;458;329;480;350;304;491
14-11-2007;17:30:00;190;344;381;312;445;340;467;372;268;501
14-11-2007;17:45:00;143;229;289;249;342;246;365;273;220;380
14-11-2007;18:00:00;134;230;243;188;309;244;352;279;218;357
14-11-2007;18:15:00;170;278;271;204;282;252;303;285;218;319
14-11-2007;18:30:00;127;196;196;165;216;191;235;213;177;257
14-11-2007;18:45:00;128;208;175;140;226;195;248;226;158;242
14-11-2007;19:00:00;110;171;164;143;188;184;210;198;137;223
14-11-2007;19:15:00;97;150;129;102;152;148;163;158;105;164
14-11-2007;19:30:00;105;155;149;122;165;138;175;158;137;193
14-11-2007;19:45:00;110;172;111;103;138;126;141;141;91;165
14-11-2007;20:00:00;105;154;128;114;137;127;140;141;100;163
14-11-2007;20:15:00;68;105;84;56;126;112;134;125;118;166
14-11-2007;20:30:00;82;124;102;69;109;107;103;127;101;134
14-11-2007;20:45:00;58;78;81;76;104;92;108;105;92;145
14-11-2007;21:00:00;80;120;95;97;100;120;105;114;64;125
14-11-2007;21:15:00;54;87;78;66;89;92;103;106;79;109
14-11-2007;21:30:00;68;93;72;59;89;110;89;107;83;113
14-11-2007;21:45:00;63;93;79;62;82;110;103;111;100;103
14-11-2007;22:00:00;65;102;81;62;94;91;108;112;78;128
14-11-2007;22:15:00;58;82;68;57;91;86;98;87;67;105
14-11-2007;22:30:00;53;74;60;52;89;79;90;75;79;110
14-11-2007;22:45:00;47;63;63;52;81;69;92;74;71;86
14-11-2007;23:00:00;56;60;55;49;63;52;78;55;48;71
14-11-2007;23:15:00;51;55;59;49;72;51;93;58;49;73
14-11-2007;23:30:00;44;57;42;33;53;61;60;57;44;68
14-11-2007;23:45:00;30;46;24;26;43;53;43;57;45;66
15-11-2007;00:00:00;23;39;20;14;20;36;25;39;31;40
15-11-2007;00:15:00;9;18;9;8;24;27;22;24;28;35
15-11-2007;00:30:00;10;17;10;9;13;27;16;24;19;20
15-11-2007;00:45:00;3;3;5;4;19;20;22;18;22;16
15-11-2007;01:00:00;9;9;11;9;21;19;24;17;38;24
15-11-2007;01:15:00;6;7;5;6;11;18;13;16;15;11
15-11-2007;01:30:00;7;9;7;6;14;18;14;20;18;14
15-11-2007;01:45:00;8;10;8;7;11;15;11;13;13;15
15-11-2007;02:00:00;1;2;1;1;8;9;10;9;8;9
15-11-2007;02:15:00;3;4;3;3;8;10;8;10;9;10
15-11-2007;02:30:00;3;2;2;2;9;12;10;8;8;12
15-11-2007;02:45:00;2;2;3;2;7;7;7;6;7;7
15-11-2007;03:00:00;3;2;1;1;8;9;8;9;7;10
15-11-2007;03:15:00;8;8;8;9;15;13;19;12;11;12
15-11-2007;03:30:00;6;6;6;6;11;12;12;12;14;12
15-11-2007;03:45:00;4;5;4;5;7;8;7;8;14;7
15-11-2007;04:00:00;1;2;1;1;3;3;3;3;4;3
15-11-2007;04:15:00;4;5;5;7;7;5;8;5;6;6
15-11-2007;04:30:00;5;4;4;5;6;6;8;6;6;10
15-11-2007;04:45:00;11;12;9;11;19;20;19;22;30;23
15-11-2007;05:00:00;16;24;23;29;25;22;30;22;39;33
15-11-2007;05:15:00;13;16;25;28;27;33;37;35;39;39
15-11-2007;05:30:00;18;17;35;36;45;27;48;29;32;66
15-11-2007;05:45:00;38;46;47;57;77;56;78;59;67;74
15-11-2007;06:00:00;60;76;71;109;94;80;95;89;80;109
15-11-2007;06:15:00;67;86;108;139;121;114;114;105;108;142
15-11-2007;06:30:00;98;141;164;185;205;150;189;153;163;214
15-11-2007;06:45:00;152;231;237;253;279;263;273;255;225;302
15-11-2007;07:00:00;199;319;322;364;444;328;423;324;261;448
15-11-2007;07:15:00;252;332;359;345;453;350;411;349;293;417
15-11-2007;07:30:00;349;469;457;456;558;479;505;477;394;522
15-11-2007;07:45:00;362;537;472;498;626;527;574;536;442;596
15-11-2007;08:00:00;426;652;500;483;597;632;535;613;492;585
15-11-2007;08:15:00;323;572;478;445;514;551;479;544;429;509
15-11-2007;08:30:00;385;622;533;529;593;604;567;597;473;595
15-11-2007;08:45:00;298;570;388;417;467;532;437;557;411;486
15-11-2007;09:00:00;318;563;418;441;472;515;453;513;386;475
15-11-2007;09:15:00;245;409;384;379;430;392;421;388;291;442
15-11-2007;09:30:00;193;300;268;250;361;332;354;333;270;378
15-11-2007;09:45:00;203;304;290;282;358;297;351;290;259;376
15-11-2007;10:00:00;204;364;309;321;349;339;357;347;278;350
15-11-2007;10:15:00;196;305;250;255;322;297;325;298;258;364
15-11-2007;10:30:00;183;325;286;267;338;320;331;336;263;369
15-11-2007;10:45:00;186;292;274;231;349;290;361;307;283;378
15-11-2007;11:00:00;207;286;260;244;330;271;337;282;250;361
15-11-2007;11:15:00;200;317;249;248;308;316;322;327;288;353
15-11-2007;11:30:00;187;316;258;243;317;293;349;309;263;372
15-11-2007;11:45:00;204;347;260;242;313;330;320;333;258;378
15-11-2007;12:00:00;217;387;285;241;333;375;343;351;321;379
15-11-2007;12:15:00;212;361;286;251;325;334;327;338;294;371
15-11-2007;12:30:00;206;352;277;249;323;340;332;354;294;373
15-11-2007;12:45:00;194;325;281;236;346;309;345;341;306;377
15-11-2007;13:00:00;184;319;275;262;334;312;337;332;281;391
15-11-2007;13:15:00;187;327;273;254;351;327;346;364;309;405
15-11-2007;13:30:00;192;328;272;235;341;316;354;340;303;396
15-11-2007;13:45:00;201;383;303;260;365;361;365;377;315;441
15-11-2007;14:00:00;218;383;308;300;341;381;351;386;346;426
15-11-2007;14:15:00;211;407;327;298;318;356;331;385;339;392
15-11-2007;14:30:00;261;516;341;290;376;449;388;466;429;460
15-11-2007;14:45:00;278;523;347;294;414;492;429;505;445;486
15-11-2007;15:00:00;282;561;389;357;401;465;408;454;421;477
15-11-2007;15:15:00;263;565;454;357;476;529;506;550;566;598
15-11-2007;15:30:00;287;546;471;408;510;479;528;498;449;606
15-11-2007;15:45:00;222;465;454;371;533;478;521;483;462;625
15-11-2007;16:00:00;280;580;503;410;559;536;546;535;514;645
15-11-2007;16:15:00;248;521;541;430;534;484;527;495;434;584
15-11-2007;16:30:00;245;452;530;449;649;445;614;458;468;637
15-11-2007;16:45:00;236;428;425;368;519;372;503;402;366;578
15-11-2007;17:00:00;253;475;485;403;541;401;571;432;396;620
15-11-2007;17:15:00;228;426;511;443;522;359;566;385;323;573
15-11-2007;17:30:00;202;370;409;317;420;304;438;342;263;470
15-11-2007;17:45:00;212;338;294;238;334;301;349;329;250;380
15-11-2007;18:00:00;169;312;303;249;286;240;309;283;224;337
15-11-2007;18:15:00;158;243;280;193;286;222;336;282;247;319
15-11-2007;18:30:00;133;208;206;176;245;202;276;245;176;293
15-11-2007;18:45:00;144;241;220;167;220;209;240;225;156;255
15-11-2007;19:00:00;131;188;198;157;207;172;218;179;137;248
15-11-2007;19:15:00;103;165;133;103;153;152;183;182;143;190
15-11-2007;19:30:00;80;138;143;100;167;129;180;145;113;181
15-11-2007;19:45:00;89;124;146;115;171;125;178;142;110;196
15-11-2007;20:00:00;79;114;110;87;129;117;149;144;114;153
15-11-2007;20:15:00;75;133;110;95;132;143;143;151;108;164
15-11-2007;20:30:00;73;124;77;61;105;130;118;134;102;132
15-11-2007;20:45:00;65;93;78;56;92;93;112;95;86;110
15-11-2007;21:00:00;74;106;64;58;74;111;90;118;94;91
15-11-2007;21:15:00;57;92;67;59;90;98;97;104;81;126
15-11-2007;21:30:00;69;97;68;52;89;102;96;106;82;126
15-11-2007;21:45:00;70;110;70;63;87;94;95;103;97;115
15-11-2007;22:00:00;59;93;79;68;95;90;109;98;62;127
15-11-2007;22:15:00;54;76;60;53;98;95;93;100;90;109
15-11-2007;22:30:00;72;106;84;71;99;90;113;91;66;113
15-11-2007;22:45:00;83;121;83;73;77;90;82;92;92;81
15-11-2007;23:00:00;49;73;59;50;77;73;83;71;44;77
15-11-2007;23:15:00;60;66;50;47;89;79;94;76;63;89
15-11-2007;23:30:00;34;54;36;36;51;63;57;63;40;58
15-11-2007;23:45:00;34;57;43;43;47;63;50;66;45;58
16-11-2007;00:00:00;35;43;17;20;33;52;34;54;50;56
16-11-2007;00:15:00;25;35;16;18;23;39;31;43;25;43
16-11-2007;00:30:00;11;17;15;14;18;23;15;21;18;27
16-11-2007;00:45:00;7;7;6;7;13;23;16;21;15;19
16-11-2007;01:00:00;11;15;8;10;14;16;12;15;18;18
16-11-2007;01:15:00;7;11;7;10;12;14;14;14;15;15
16-11-2007;01:30:00;9;8;7;8;16;19;18;18;16;19
16-11-2007;01:45:00;6;6;7;6;7;7;8;7;9;8
16-11-2007;02:00:00;1;1;1;1;2;2;2;2;3;2
16-11-2007;02:15:00;2;2;3;2;7;7;7;7;6;7
16-11-2007;02:30:00;2;2;3;2;3;3;3;4;3;3
16-11-2007;03:00:00;4;5;5;4;13;11;12;12;10;14
16-11-2007;03:30:00;2;3;2;2;9;12;9;13;13;9
16-11-2007;03:45:00;10;10;12;9;9;7;14;7;7;13
16-11-2007;04:15:00;4;3;4;4;5;5;5;5;7;5
16-11-2007;04:30:00;7;8;7;5;13;12;11;13;11;13
16-11-2007;04:45:00;10;11;13;10;26;21;22;18;21;30
16-11-2007;05:00:00;14;14;19;17;19;15;23;14;21;27
16-11-2007;05:15:00;16;21;23;26;31;24;30;29;31;33
16-11-2007;05:30:00;21;20;22;28;37;32;37;32;36;38
16-11-2007;05:45:00;33;46;46;67;74;57;67;64;78;81
16-11-2007;06:00:00;57;78;81;104;94;90;96;97;92;106
16-11-2007;06:15:00;57;82;102;127;127;85;128;96;96;150
16-11-2007;06:30:00;97;139;141;175;196;151;181;148;155;211
16-11-2007;06:45:00;145;254;241;256;293;272;283;279;236;322
16-11-2007;07:00:00;195;320;342;375;419;324;397;333;246;423
16-11-2007;07:15:00;262;340;390;399;518;353;461;350;288;479
16-11-2007;07:30:00;302;452;411;401;535;464;483;466;391;503
16-11-2007;07:45:00;390;588;484;490;626;584;564;571;497;615
16-11-2007;08:00:00;387;623;507;524;600;590;540;564;445;571
16-11-2007;08:15:00;331;574;449;440;552;567;498;559;410;567
16-11-2007;08:30:00;371;657;460;461;549;606;510;615;441;548
16-11-2007;08:45:00;332;603;446;497;523;571;489;569;417;524
16-11-2007;09:00:00;257;469;364;415;445;446;422;465;323;427
16-11-2007;09:15:00;204;332;356;373;406;326;399;322;236;421
16-11-2007;09:30:00;186;302;286;280;343;312;336;303;260;357
16-11-2007;09:45:00;193;318;265;244;331;318;330;318;285;357
16-11-2007;10:00:00;211;328;250;235;311;299;297;297;246;328
16-11-2007;10:15:00;185;341;233;206;286;324;288;325;286;342
16-11-2007;10:30:00;191;331;237;237;292;334;307;337;259;331
16-11-2007;10:45:00;199;336;296;258;302;347;305;348;288;349
16-11-2007;11:00:00;220;354;261;268;302;351;316;360;303;367
16-11-2007;11:15:00;188;336;306;249;340;317;350;341;295;385
16-11-2007;11:30:00;212;365;321;268;380;378;378;387;351;417
16-11-2007;11:45:00;223;365;296;270;351;349;349;351;302;427
16-11-2007;12:00:00;224;395;318;280;333;377;365;399;349;388
16-11-2007;12:15:00;200;347;278;229;341;363;368;377;344;408
16-11-2007;12:30:00;201;348;273;255;339;362;333;394;357;410
16-11-2007;12:45:00;211;335;294;267;332;317;339;342;329;392
16-11-2007;13:00:00;216;373;304;268;337;363;349;365;300;389
16-11-2007;13:15:00;209;385;353;287;382;375;384;381;371;432
16-11-2007;13:30:00;194;333;334;281;360;323;355;339;343;409
16-11-2007;13:45:00;199;384;309;278;343;377;360;409;352;385
16-11-2007;14:00:00;257;433;395;334;429;395;425;434;369;540
16-11-2007;14:15:00;255;514;374;321;431;481;431;481;419;516
16-11-2007;14:30:00;256;496;348;296;411;463;409;484;417;493
16-11-2007;14:45:00;231;483;377;327;434;454;431;482;434;496
16-11-2007;15:00:00;252;479;383;351;494;451;508;448;442;556
16-11-2007;15:15:00;261;522;498;398;550;491;564;529;513;639
16-11-2007;15:30:00;247;471;443;381;541;447;516;476;418;648
16-11-2007;15:45:00;239;475;465;388;526;449;518;459;455;609
16-11-2007;16:00:00;222;477;457;378;567;441;558;451;414;619
16-11-2007;16:15:00;225;448;449;376;566;438;556;481;439;642
16-11-2007;16:30:00;226;422;390;327;470;407;483;434;401;556
16-11-2007;16:45:00;202;381;374;299;436;379;461;418;357;497
16-11-2007;17:00:00;205;380;355;305;432;370;448;400;326;478
16-11-2007;17:15:00;170;303;309;260;356;292;384;334;303;430
16-11-2007;17:30:00;144;235;258;218;347;237;369;275;216;406
16-11-2007;17:45:00;149;254;247;209;314;265;335;297;245;369
16-11-2007;18:00:00;126;231;226;176;280;236;303;262;192;309
16-11-2007;18:15:00;108;186;196;157;238;180;267;203;171;264
16-11-2007;18:30:00;125;198;165;147;225;197;247;225;160;252
16-11-2007;18:45:00;105;176;167;119;180;166;196;197;156;197
16-11-2007;19:00:00;113;156;142;97;159;156;187;164;94;187
16-11-2007;19:15:00;82;124;124;96;141;125;166;159;142;136
16-11-2007;19:30:00;76;104;112;93;128;114;161;132;100;136
16-11-2007;19:45:00;52;102;91;74;113;110;140;113;93;143
16-11-2007;20:00:00;60;91;86;63;90;99;112;100;57;122
16-11-2007;20:15:00;50;70;66;51;71;73;90;87;75;95
16-11-2007;20:30:00;48;67;60;52;65;68;79;75;59;72
16-11-2007;20:45:00;30;45;47;47;67;65;75;71;57;96
16-11-2007;21:00:00;46;55;51;45;52;61;64;66;68;83
16-11-2007;21:15:00;36;60;54;50;64;65;66;72;77;80
16-11-2007;21:30:00;39;56;49;42;57;68;69;62;55;70
16-11-2007;21:45:00;38;56;47;42;53;67;62;69;68;72
16-11-2007;22:00:00;37;65;45;32;58;62;66;66;64;67
16-11-2007;22:15:00;48;77;56;55;78;88;89;91;94;101
16-11-2007;22:30:00;60;81;69;64;76;74;82;90;85;86
16-11-2007;22:45:00;64;86;73;76;66;94;88;88;80;92
16-11-2007;23:00:00;55;75;50;59;72;86;92;98;65;88
16-11-2007;23:15:00;52;73;55;57;73;74;82;73;53;75
16-11-2007;23:30:00;55;69;50;58;77;63;81;67;61;67
16-11-2007;23:45:00;46;75;43;30;63;71;58;75;73;75
17-11-2007;00:00:00;52;83;42;34;52;65;50;70;58;67
17-11-2007;00:15:00;30;37;25;25;45;42;51;59;50;62
17-11-2007;00:30:00;27;43;32;26;53;58;53;52;44;61
17-11-2007;00:45:00;17;29;23;19;51;40;43;31;42;55
17-11-2007;01:00:00;33;34;24;25;30;39;41;37;38;39
17-11-2007;01:15:00;24;24;21;24;41;32;44;30;23;37
17-11-2007;01:30:00;9;15;11;10;17;28;22;24;23;19
17-11-2007;01:45:00;9;13;10;9;28;27;31;22;35;33
17-11-2007;02:00:00;11;16;11;12;11;8;10;8;9;11
17-11-2007;02:15:00;16;23;11;10;14;28;12;22;15;16
17-11-2007;02:30:00;7;9;6;7;19;17;15;21;13;19
17-11-2007;02:45:00;3;4;3;3;10;15;10;15;15;11
17-11-2007;03:00:00;1;1;1;2;7;6;6;7;8;8
17-11-2007;03:15:00;3;3;4;4;5;5;6;5;6;5
17-11-2007;03:30:00;7;11;9;9;6;7;7;8;6;6
17-11-2007;03:45:00;5;4;5;6;9;10;17;9;8;13
17-11-2007;04:00:00;4;6;4;4;11;14;13;13;14;11
17-11-2007;04:15:00;2;1;1;1;10;7;9;7;7;9
17-11-2007;04:30:00;6;9;6;6;14;11;14;11;10;11
17-11-2007;04:45:00;7;9;6;7;11;11;11;11;9;12
17-11-2007;05:00:00;3;3;4;5;15;12;24;12;14;18
17-11-2007;05:15:00;2;2;3;2;12;15;15;14;14;13
17-11-2007;05:30:00;7;7;14;9;16;15;17;17;23;17
17-11-2007;05:45:00;4;5;5;4;13;16;13;14;17;11
17-11-2007;06:00:00;15;20;12;13;20;25;20;21;14;27
17-11-2007;06:15:00;6;4;6;4;15;14;17;13;17;21
17-11-2007;06:30:00;13;21;19;15;20;27;24;22;22;31
17-11-2007;06:45:00;17;20;14;11;35;35;38;38;38;40
17-11-2007;07:00:00;45;43;32;33;51;49;49;50;53;50
17-11-2007;07:15:00;45;40;43;38;67;48;68;43;53;43
17-11-2007;07:30:00;52;56;40;41;48;53;43;59;54;64
17-11-2007;07:45:00;42;57;42;37;51;66;47;67;64;64
17-11-2007;08:00:00;62;68;58;58;64;72;62;80;55;61
17-11-2007;08:15:00;41;48;36;34;60;64;62;66;66;79
17-11-2007;08:30:00;56;74;57;48;71;80;73;95;66;80
17-11-2007;08:45:00;64;75;60;61;89;76;96;80;89;114
17-11-2007;09:00:00;70;91;86;74;99;110;105;106;89;108
17-11-2007;09:15:00;65;91;92;79;101;86;107;90;85;114
17-11-2007;09:30:00;80;113;93;82;118;129;132;126;94;133
17-11-2007;09:45:00;70;115;105;88;138;133;136;133;135;157
17-11-2007;10:00:00;120;177;144;111;158;192;161;195;144;187
17-11-2007;10:15:00;100;151;126;106;173;170;166;177;137;185
17-11-2007;10:30:00;98;151;124;100;162;196;173;222;138;190
17-11-2007;10:45:00;112;187;164;135;218;202;211;218;202;216
17-11-2007;11:00:00;135;204;148;133;213;215;204;234;178;217
17-11-2007;11:15:00;143;206;163;152;183;221;200;243;181;207
17-11-2007;11:30:00;153;224;177;151;205;241;226;252;198;216
17-11-2007;11:45:00;157;263;194;145;218;267;221;296;217;235
17-11-2007;12:00:00;139;230;216;176;223;240;257;291;203;243
17-11-2007;12:15:00;140;217;193;184;228;230;256;268;208;248
17-11-2007;12:30:00;159;234;222;194;267;242;276;270;193;255
17-11-2007;12:45:00;173;237;221;198;263;232;293;280;189;238
17-11-2007;13:00:00;180;257;239;216;265;255;308;293;199;253
17-11-2007;13:15:00;142;219;207;168;245;238;258;275;193;272
17-11-2007;13:30:00;150;241;192;176;231;258;261;272;197;247
17-11-2007;13:45:00;143;225;194;162;236;231;256;260;218;250
17-11-2007;14:00:00;152;206;222;200;245;211;272;282;197;272
17-11-2007;14:15:00;146;235;199;171;253;236;289;277;192;241
17-11-2007;14:30:00;131;226;213;171;267;246;279;300;227;264
17-11-2007;14:45:00;135;214;191;160;220;223;256;258;188;216
17-11-2007;15:00:00;124;205;210;193;246;212;266;227;156;264
17-11-2007;15:15:00;145;219;203;189;216;217;246;217;204;229
17-11-2007;15:30:00;143;214;175;160;215;205;234;214;167;227
17-11-2007;15:45:00;132;217;170;173;205;200;228;224;162;222
17-11-2007;16:00:00;124;213;194;155;214;213;216;244;163;249
17-11-2007;16:15:00;118;183;189;163;197;172;232;197;129;234
17-11-2007;16:30:00;118;194;179;157;176;177;207;201;140;211
17-11-2007;16:45:00;117;183;151;136;178;186;193;222;145;205
17-11-2007;17:00:00;112;177;174;165;168;189;195;201;127;191
17-11-2007;17:15:00;83;162;171;139;182;159;199;175;140;250
17-11-2007;17:30:00;109;160;170;135;164;163;183;174;141;210
17-11-2007;17:45:00;106;162;134;121;174;145;183;152;138;186
17-11-2007;18:00:00;107;176;135;114;182;182;185;184;138;204
17-11-2007;18:15:00;91;139;131;114;151;132;166;135;126;169
17-11-2007;18:30:00;73;115;114;87;138;102;145;116;100;156
17-11-2007;18:45:00;60;111;75;62;104;107;105;104;87;115
17-11-2007;19:00:00;55;87;71;62;93;104;94;118;107;96
17-11-2007;19:15:00;49;85;76;57;77;99;84;100;78;89
17-11-2007;19:30:00;47;67;73;61;90;73;105;87;62;88
17-11-2007;19:45:00;42;61;61;44;75;72;92;81;50;90
17-11-2007;20:00:00;42;62;53;49;67;66;87;77;46;92
17-11-2007;20:15:00;28;55;51;45;64;73;81;95;79;88
17-11-2007;20:30:00;29;58;46;46;58;73;72;74;60;61
17-11-2007;20:45:00;33;51;58;49;66;67;75;68;65;89
17-11-2007;21:00:00;44;63;48;44;63;66;66;75;52;76
17-11-2007;21:15:00;42;61;46;49;72;64;79;68;43;71
17-11-2007;21:30:00;33;51;31;29;54;62;53;69;54;72
17-11-2007;21:45:00;35;46;55;49;66;60;77;49;53;75
17-11-2007;22:00:00;44;66;44;42;53;83;64;87;71;52
17-11-2007;22:15:00;49;80;45;48;49;80;63;90;101;56
17-11-2007;22:30:00;63;71;47;50;55;79;60;82;69;56
17-11-2007;22:45:00;55;56;53;58;58;74;61;79;87;76
17-11-2007;23:00:00;42;64;60;54;65;61;77;79;76;76
17-11-2007;23:15:00;58;75;87;79;93;72;100;80;87;97
17-11-2007;23:30:00;54;70;65;66;75;71;82;75;77;103
17-11-2007;23:45:00;52;74;61;42;75;73;63;71;85;86
18-11-2007;00:00:00;52;71;40;35;52;74;56;71;62;79
18-11-2007;00:15:00;58;66;59;46;55;63;67;64;55;71
18-11-2007;00:30:00;39;50;38;33;55;65;60;75;81;68
18-11-2007;00:45:00;34;38;32;25;46;56;50;55;69;54
18-11-2007;01:00:00;32;43;47;32;53;44;61;48;49;61
18-11-2007;01:15:00;33;49;45;37;43;32;42;40;52;59
18-11-2007;01:30:00;22;23;22;22;33;31;39;36;39;40
18-11-2007;01:45:00;21;26;26;18;35;30;44;30;20;37
18-11-2007;02:00:00;22;27;21;20;31;31;48;43;36;46
18-11-2007;02:15:00;18;18;15;11;29;34;38;33;22;44
18-11-2007;02:30:00;11;20;11;12;19;33;28;31;33;25
18-11-2007;02:45:00;16;17;19;15;13;20;17;24;26;15
18-11-2007;03:00:00;17;17;22;22;22;27;35;34;34;30
18-11-2007;03:15:00;11;12;11;10;14;13;21;12;13;22
18-11-2007;03:30:00;25;28;19;22;22;22;23;24;17;26
18-11-2007;03:45:00;7;10;9;10;15;19;20;14;15;23
18-11-2007;04:00:00;11;21;15;11;10;17;13;15;12;11
18-11-2007;04:15:00;10;13;6;6;12;19;13;18;13;11
18-11-2007;04:30:00;4;5;4;5;12;10;20;10;10;15
18-11-2007;04:45:00;3;3;5;4;8;7;7;7;11;10
18-11-2007;05:15:00;4;4;5;6;7;8;10;7;8;8
18-11-2007;05:30:00;6;5;4;5;13;13;18;13;13;18
18-11-2007;05:45:00;8;6;6;7;8;9;11;9;8;9
18-11-2007;06:00:00;8;11;5;5;12;24;12;25;20;14
18-11-2007;06:15:00;7;8;8;10;12;14;11;10;11;8
18-11-2007;06:30:00;7;7;11;10;16;12;17;14;12;18
18-11-2007;06:45:00;18;18;14;11;19;24;24;19;24;23
18-11-2007;07:00:00;27;31;32;20;45;39;38;28;26;42
18-11-2007;07:15:00;39;23;27;30;56;28;52;39;27;44
18-11-2007;07:30:00;30;21;22;17;32;27;36;36;35;33
18-11-2007;07:45:00;39;54;25;26;37;58;41;53;49;57
18-11-2007;08:00:00;36;46;44;45;39;56;35;57;36;72
18-11-2007;08:15:00;30;24;35;33;38;33;34;39;32;54
18-11-2007;08:30:00;21;29;21;19;45;48;39;50;30;57
18-11-2007;08:45:00;48;60;41;27;48;71;50;69;61;38
18-11-2007;09:00:00;56;56;68;54;68;53;72;67;51;71
18-11-2007;09:15:00;45;47;59;42;60;55;69;65;64;86
18-11-2007;09:30:00;51;72;74;50;81;76;79;81;51;90
18-11-2007;09:45:00;78;83;92;73;96;88;109;105;82;119
18-11-2007;10:00:00;115;157;108;82;120;144;127;141;114;145
18-11-2007;10:15:00;84;121;98;80;95;116;118;133;123;114
18-11-2007;10:30:00;80;124;104;99;112;127;115;143;130;118
18-11-2007;10:45:00;63;112;89;72;137;132;127;145;114;156
18-11-2007;11:00:00;95;129;121;97;133;148;151;157;108;165
18-11-2007;11:15:00;102;130;130;116;141;132;154;146;112;159
18-11-2007;11:30:00;104;160;151;123;178;158;178;166;151;183
18-11-2007;11:45:00;94;131;141;125;167;157;177;165;131;167
18-11-2007;12:00:00;106;139;114;112;170;175;165;195;171;179
18-11-2007;12:15:00;127;202;131;129;149;188;155;199;178;173
18-11-2007;12:30:00;110;156;157;131;183;165;185;200;169;190
18-11-2007;12:45:00;112;174;147;124;197;198;194;211;163;227
18-11-2007;13:00:00;107;162;157;142;187;179;195;200;164;214
18-11-2007;13:15:00;107;166;146;142;174;201;178;215;182;191
18-11-2007;13:30:00;124;180;171;161;206;175;201;185;140;210
18-11-2007;13:45:00;111;172;158;134;168;184;187;206;176;180
18-11-2007;14:00:00;126;170;172;154;179;173;213;189;169;186
18-11-2007;14:15:00;126;187;171;157;212;168;237;199;154;222
18-11-2007;14:30:00;127;195;170;141;183;176;210;207;159;196
18-11-2007;14:45:00;117;187;176;142;229;186;231;201;169;225
18-11-2007;15:00:00;139;175;179;163;198;166;210;178;157;215
18-11-2007;15:15:00;135;198;163;157;180;200;190;210;162;189
18-11-2007;15:30:00;127;184;171;164;187;181;200;186;145;193
18-11-2007;15:45:00;116;168;174;150;177;167;194;165;140;209
18-11-2007;16:00:00;101;171;170;148;180;186;199;187;127;210
18-11-2007;16:15:00;97;163;179;129;167;153;193;163;128;183
18-11-2007;16:30:00;110;145;137;108;160;146;184;153;143;207
18-11-2007;16:45:00;101;156;120;104;143;162;156;164;142;182
18-11-2007;17:00:00;108;156;136;125;199;166;192;165;144;223
18-11-2007;17:15:00;118;156;149;122;177;159;184;156;111;196
18-11-2007;17:30:00;86;149;150;128;155;148;181;150;117;175
18-11-2007;17:45:00;91;145;112;93;131;142;138;143;121;148
18-11-2007;18:00:00;77;130;107;86;154;133;151;132;106;193
18-11-2007;18:15:00;79;120;109;97;140;128;118;135;101;148
18-11-2007;18:30:00;79;116;128;89;135;113;145;125;109;144
18-11-2007;18:45:00;79;119;100;87;118;133;105;137;97;144
18-11-2007;19:00:00;64;85;86;68;110;105;113;103;84;128
18-11-2007;19:15:00;57;96;111;80;120;90;124;101;81;121
18-11-2007;19:30:00;54;88;71;68;84;88;95;98;77;88
18-11-2007;19:45:00;50;92;100;77;96;100;101;112;89;117
18-11-2007;20:00:00;44;68;66;57;87;81;94;80;68;102
18-11-2007;20:15:00;40;61;52;44;64;63;79;68;48;92
18-11-2007;20:30:00;48;59;44;45;55;73;71;67;48;68
18-11-2007;20:45:00;41;66;45;44;44;53;55;55;42;60
18-11-2007;21:00:00;31;39;27;33;45;40;56;43;36;64
18-11-2007;21:15:00;39;53;60;39;85;51;82;56;47;88
18-11-2007;21:30:00;36;55;61;55;74;65;71;69;61;88
18-11-2007;21:45:00;43;57;46;45;71;73;78;74;58;81
18-11-2007;22:00:00;47;69;45;28;54;70;61;81;71;64
18-11-2007;22:15:00;31;53;48;36;57;67;69;68;60;88
18-11-2007;22:30:00;17;23;26;18;49;41;58;41;44;66
18-11-2007;22:45:00;32;50;32;35;52;62;51;67;51;57
18-11-2007;23:00:00;23;27;20;24;43;38;36;33;38;49
18-11-2007;23:15:00;39;34;28;21;33;34;35;41;41;45
18-11-2007;23:30:00;30;37;30;23;31;40;37;37;22;36
18-11-2007;23:45:00;25;40;15;16;20;38;24;42;31;35
19-11-2007;00:00:00;14;26;14;17;14;27;18;30;21;28
19-11-2007;00:15:00;9;14;9;9;17;19;17;23;19;26
19-11-2007;00:30:00;7;7;5;5;17;19;20;14;18;22
19-11-2007;00:45:00;2;2;3;2;10;14;14;11;11;12
19-11-2007;01:00:00;2;3;2;2;15;13;16;14;17;16
19-11-2007;01:30:00;4;4;4;6;3;3;5;3;3;3
19-11-2007;02:00:00;2;2;3;2;1;1;2;1;1;1
19-11-2007;02:30:00;3;2;2;2;2;2;2;2;2;3
19-11-2007;02:45:00;3;5;3;4;4;3;5;3;3;3
19-11-2007;03:00:00;2;3;2;2;3;4;4;3;3;4
19-11-2007;03:15:00;2;2;2;3;1;1;1;1;2;1
19-11-2007;03:45:00;3;4;3;4;10;11;9;11;15;11
19-11-2007;04:00:00;1;1;1;1;8;8;9;9;10;10
19-11-2007;04:15:00;2;2;2;3;7;8;7;7;10;13
19-11-2007;04:30:00;2;2;2;3;13;11;16;10;10;16
19-11-2007;04:45:00;7;7;9;10;14;17;18;15;18;25
19-11-2007;05:00:00;14;19;19;23;25;28;27;25;40;43
19-11-2007;05:15:00;15;25;26;35;30;28;34;29;35;48
19-11-2007;05:30:00;27;31;33;32;39;34;36;36;32;46
19-11-2007;05:45:00;49;65;58;85;74;67;68;62;81;77
19-11-2007;06:00:00;72;90;107;149;106;92;100;86;79;121
19-11-2007;06:15:00;73;107;116;147;145;117;136;117;113;161
19-11-2007;06:30:00;105;150;155;174;178;148;164;159;160;212
19-11-2007;06:45:00;204;302;292;326;334;293;319;279;253;346
19-11-2007;07:00:00;224;346;329;357;416;329;393;331;246;419
19-11-2007;07:15:00;269;332;384;369;471;348;429;333;273;445
19-11-2007;07:30:00;395;562;544;538;627;512;563;503;404;557
19-11-2007;07:45:00;461;711;610;626;754;714;675;665;560;727
19-11-2007;08:00:00;551;825;666;674;822;795;782;793;631;787
19-11-2007;08:15:00;348;619;488;482;553;593;491;571;432;587
19-11-2007;08:30:00;386;631;476;453;542;599;504;582;404;542
19-11-2007;08:45:00;311;555;484;459;543;519;507;533;416;524
19-11-2007;09:00:00;289;506;434;439;487;487;492;499;359;514
19-11-2007;09:15:00;260;429;381;367;422;437;421;423;297;452
19-11-2007;09:30:00;215;385;317;321;372;384;375;377;312;394
19-11-2007;09:45:00;207;320;299;286;351;315;332;297;278;381
19-11-2007;10:00:00;204;355;319;304;372;348;368;353;304;406
19-11-2007;10:15:00;186;306;250;257;289;305;284;314;279;321
19-11-2007;10:30:00;187;300;261;267;321;307;326;322;276;345
19-11-2007;10:45:00;190;308;246;249;332;341;342;344;251;357
19-11-2007;11:00:00;214;346;342;305;398;346;405;356;295;446
19-11-2007;11:15:00;167;305;284;253;319;301;317;312;304;373
19-11-2007;11:30:00;195;299;239;218;314;282;327;298;302;362
19-11-2007;11:45:00;210;369;276;273;311;334;317;346;296;329
19-11-2007;12:00:00;216;351;280;252;340;344;343;365;317;372
19-11-2007;12:15:00;212;351;297;253;326;334;322;355;325;367
19-11-2007;12:30:00;209;386;285;259;358;362;370;374;322;404
19-11-2007;12:45:00;194;332;298;264;371;307;371;315;301;414
19-11-2007;13:00:00;206;331;285;242;313;322;332;352;347;350
19-11-2007;13:15:00;186;314;260;245;320;320;328;332;285;368
19-11-2007;13:30:00;207;342;258;246;304;351;320;367;325;362
19-11-2007;13:45:00;209;381;295;257;332;359;345;370;304;362
19-11-2007;14:00:00;208;392;303;267;338;383;353;379;314;385
19-11-2007;14:15:00;182;349;273;279;308;315;334;334;350;378
19-11-2007;14:30:00;257;465;337;306;412;436;421;462;423;498
19-11-2007;14:45:00;225;465;329;298;383;443;384;455;452;453
19-11-2007;15:00:00;250;497;353;313;381;468;396;496;454;459
19-11-2007;15:15:00;249;512;413;325;491;474;489;488;468;563
19-11-2007;15:30:00;297;581;467;397;534;524;561;557;531;655
19-11-2007;15:45:00;248;473;428;363;498;485;506;489;485;587
19-11-2007;16:00:00;238;484;410;356;483;500;480;510;472;576
19-11-2007;16:15:00;205;432;457;383;501;425;517;448;467;572
19-11-2007;16:30:00;249;461;461;393;549;453;552;474;460;605
19-11-2007;16:45:00;230;424;435;379;530;423;520;465;409;571
19-11-2007;17:00:00;225;406;442;381;562;401;558;424;409;610
19-11-2007;17:15:00;189;336;384;314;485;319;501;329;306;537
19-11-2007;17:30:00;166;282;326;250;425;258;438;293;259;461
19-11-2007;17:45:00;152;259;277;226;331;257;347;296;258;385
19-11-2007;18:00:00;142;233;272;223;320;222;342;260;206;353
19-11-2007;18:15:00;119;216;236;191;283;203;303;250;221;349
19-11-2007;18:30:00;107;178;159;132;197;191;232;207;169;230
19-11-2007;18:45:00;98;164;156;119;206;178;233;199;151;243
19-11-2007;19:00:00;87;140;169;132;193;165;208;158;118;229
19-11-2007;19:15:00;79;134;126;84;157;137;181;151;105;201
19-11-2007;19:30:00;77;131;124;109;131;131;159;144;103;149
19-11-2007;19:45:00;80;112;96;95;136;123;131;125;84;156
19-11-2007;20:00:00;59;93;81;67;103;95;134;111;88;129
19-11-2007;20:15:00;65;121;86;79;104;116;113;118;93;116
19-11-2007;20:30:00;69;90;107;78;113;95;137;97;72;137
19-11-2007;20:45:00;65;98;66;56;80;95;88;106;72;105
19-11-2007;21:00:00;56;78;68;58;88;80;97;87;70;103
19-11-2007;21:15:00;53;72;60;51;75;80;84;80;67;107
19-11-2007;21:30:00;47;69;54;43;77;78;89;80;78;93
19-11-2007;21:45:00;43;78;62;56;87;77;104;84;69;103
19-11-2007;22:00:00;46;72;65;58;92;71;95;81;76;114
19-11-2007;22:15:00;50;76;59;49;65;82;80;95;85;69
19-11-2007;22:30:00;46;51;61;46;77;66;75;70;61;95
19-11-2007;22:45:00;50;70;50;49;80;79;81;70;66;84
19-11-2007;23:00:00;45;59;57;51;59;59;70;65;49;79
19-11-2007;23:15:00;39;45;27;24;65;59;66;67;59;60
19-11-2007;23:30:00;43;67;37;34;45;65;52;68;55;59
19-11-2007;23:45:00;28;44;27;26;34;45;41;48;41;56
20-11-2007;00:00:00;17;24;18;15;33;29;30;26;28;54
20-11-2007;00:15:00;14;14;11;12;21;25;19;28;31;35
20-11-2007;00:30:00;7;6;5;6;13;13;19;11;20;22
20-11-2007;00:45:00;10;8;8;9;6;7;6;8;12;6
20-11-2007;01:00:00;6;7;5;6;12;15;15;13;19;14
20-11-2007;01:15:00;4;4;6;4;12;14;16;13;15;13
20-11-2007;01:30:00;1;1;1;1;4;4;4;5;4;6
20-11-2007;02:00:00;4;5;4;5;2;3;2;3;2;2
20-11-2007;02:15:00;2;3;2;2;2;2;3;2;2;2
20-11-2007;03:00:00;2;2;2;3;3;3;4;3;3;4
20-11-2007;03:30:00;5;5;4;5;10;11;8;9;12;8
20-11-2007;04:00:00;6;6;9;9;7;6;10;6;6;13
20-11-2007;04:15:00;3;4;3;3;6;7;8;7;6;7
20-11-2007;04:30:00;4;5;4;5;14;13;15;13;15;19
20-11-2007;04:45:00;6;5;7;5;16;12;11;12;11;17
20-11-2007;05:00:00;10;14;13;16;17;23;17;18;26;22
20-11-2007;05:15:00;13;12;20;28;22;17;20;19;28;20
20-11-2007;05:30:00;34;37;32;41;43;35;53;51;49;56
20-11-2007;05:45:00;40;58;45;67;63;63;65;63;68;75
20-11-2007;06:00:00;54;80;84;115;98;97;99;96;81;112
20-11-2007;06:15:00;66;88;118;147;137;99;133;94;104;158
20-11-2007;06:30:00;122;179;149;171;196;166;183;162;151;228
20-11-2007;06:45:00;167;280;251;273;330;300;304;294;249;339
20-11-2007;07:00:00;220;332;367;389;454;344;419;337;246;447
20-11-2007;07:15:00;282;397;434;427;500;374;462;374;285;473
20-11-2007;07:30:00;328;464;435;442;568;459;510;452;362;523
20-11-2007;07:45:00;359;540;492;527;622;556;555;544;439;571
20-11-2007;08:00:00;495;769;614;596;643;665;580;663;551;657
20-11-2007;08:15:00;410;686;555;526;581;586;531;601;477;578
20-11-2007;08:30:00;406;677;504;502;603;646;567;632;490;585
20-11-2007;08:45:00;302;565;432;441;531;541;486;548;425;518
20-11-2007;09:00:00;331;588;420;463;441;520;429;534;404;455
20-11-2007;09:15:00;312;488;464;482;444;401;421;400;308;465
20-11-2007;09:30:00;198;340;316;304;371;334;364;320;253;406
20-11-2007;09:45:00;232;368;340;318;424;365;407;383;333;425
20-11-2007;10:00:00;234;364;327;314;363;328;362;320;280;370
20-11-2007;10:15:00;227;363;306;275;316;329;325;331;263;359
20-11-2007;10:30:00;191;309;300;279;369;282;382;284;280;406
20-11-2007;10:45:00;224;347;284;279;313;315;330;311;280;348
20-11-2007;11:00:00;194;338;283;272;342;301;347;304;247;371
20-11-2007;11:15:00;191;318;225;220;292;299;295;305;259;328
20-11-2007;11:30:00;189;336;258;237;351;329;355;334;284;383
20-11-2007;11:45:00;193;352;278;232;318;347;312;366;320;373
20-11-2007;12:00:00;185;316;254;218;305;307;316;326;285;352
20-11-2007;12:15:00;186;331;271;269;290;331;300;356;275;355
20-11-2007;12:30:00;218;338;295;282;343;335;364;345;321;393
20-11-2007;12:45:00;207;335;310;259;354;333;364;354;310;387
20-11-2007;13:00:00;236;372;307;276;330;345;348;375;314;388
20-11-2007;13:15:00;195;300;260;263;311;296;322;314;273;355
20-11-2007;13:30:00;217;398;282;245;322;372;339;395;305;387
20-11-2007;13:45:00;217;361;328;287;337;340;362;360;306;397
20-11-2007;14:00:00;222;410;310;260;361;386;354;401;363;448
20-11-2007;14:15:00;222;377;343;322;389;344;398;383;385;460
20-11-2007;14:30:00;233;455;342;284;386;422;378;436;400;470
20-11-2007;14:45:00;233;449;324;273;368;432;389;438;386;454
20-11-2007;15:00:00;234;482;326;279;401;458;404;485;425;477
20-11-2007;15:15:00;281;591;448;369;534;533;542;554;552;606
20-11-2007;15:30:00;264;506;424;363;488;492;503;520;478;581
20-11-2007;15:45:00;221;481;454;380;516;482;514;497;503;617
20-11-2007;16:00:00;220;458;408;372;485;471;474;482;480;600
20-11-2007;16:15:00;257;518;518;440;557;531;569;545;509;640
20-11-2007;16:30:00;231;466;446;396;528;482;509;482;476;606
20-11-2007;16:45:00;230;434;464;401;564;426;562;448;432;607
20-11-2007;17:00:00;200;383;397;333;540;361;534;378;343;574
20-11-2007;17:15:00;164;322;407;335;480;330;498;357;329;544
20-11-2007;17:30:00;149;273;311;243;370;253;381;293;279;442
20-11-2007;17:45:00;150;276;283;233;353;267;380;307;256;390
20-11-2007;18:00:00;149;252;266;221;306;256;345;281;236;354
20-11-2007;18:15:00;122;225;210;184;276;220;297;248;184;314
20-11-2007;18:30:00;119;181;194;160;254;174;274;188;160;292
20-11-2007;18:45:00;101;181;177;139;219;170;257;191;170;253
20-11-2007;19:00:00;107;172;175;130;191;156;212;163;128;199
20-11-2007;19:15:00;72;135;141;135;161;138;177;149;129;201
20-11-2007;19:30:00;86;128;153;114;158;117;178;123;101;195
20-11-2007;19:45:00;75;122;96;81;106;123;138;136;102;141
20-11-2007;20:00:00;88;132;96;80;130;126;146;145;107;150
20-11-2007;20:15:00;66;101;79;70;108;111;113;126;85;141
20-11-2007;20:30:00;70;98;75;60;107;104;108;114;84;116
20-11-2007;20:45:00;62;111;76;69;102;103;101;105;83;118
20-11-2007;21:00:00;56;97;67;57;88;93;99;96;81;115
20-11-2007;21:15:00;63;84;68;54;88;99;90;101;71;111
20-11-2007;21:30:00;67;108;77;77;96;105;116;108;94;125
20-11-2007;21:45:00;61;85;73;64;106;95;110;100;69;122
20-11-2007;22:00:00;63;90;64;56;75;89;87;93;72;103
20-11-2007;22:15:00;71;94;58;53;72;89;80;102;88;95
20-11-2007;22:30:00;41;57;50;42;62;79;79;82;64;71
20-11-2007;22:45:00;47;65;63;50;83;66;88;69;61;93
20-11-2007;23:00:00;39;64;48;28;66;70;71;76;62;70
20-11-2007;23:15:00;53;69;45;43;58;72;69;65;62;61
20-11-2007;23:30:00;47;60;26;30;47;60;58;60;50;55
20-11-2007;23:45:00;30;47;38;32;30;39;38;46;42;54
21-11-2007;00:00:00;23;35;16;19;18;35;18;40;32;39
21-11-2007;00:15:00;11;18;14;14;25;21;26;23;23;43
21-11-2007;00:30:00;7;8;7;8;17;19;26;23;24;23
21-11-2007;00:45:00;11;12;12;11;20;20;22;20;25;32
21-11-2007;01:00:00;7;7;5;6;11;12;10;12;14;14
21-11-2007;01:15:00;5;6;6;5;11;10;10;9;15;13
21-11-2007;01:30:00;2;2;3;2;7;8;7;7;11;7
21-11-2007;01:45:00;4;4;5;5;6;5;9;5;5;6
21-11-2007;03:15:00;5;5;5;8;7;5;7;5;6;12
21-11-2007;03:30:00;4;3;3;3;6;5;6;5;6;6
21-11-2007;03:45:00;2;3;2;2;10;8;11;9;8;13
21-11-2007;04:15:00;2;3;2;2;8;6;9;6;6;10
21-11-2007;04:30:00;8;9;10;9;6;8;6;9;9;9
21-11-2007;04:45:00;13;14;27;27;22;13;24;15;22;30
21-11-2007;05:00:00;12;18;12;17;28;23;22;18;29;26
21-11-2007;05:15:00;17;21;17;20;26;35;25;29;36;35
21-11-2007;05:30:00;28;34;30;33;38;31;44;35;31;48
21-11-2007;05:45:00;42;60;45;59;74;69;79;71;71;95
21-11-2007;06:00:00;62;78;91;118;113;91;116;87;79;121
21-11-2007;06:15:00;75;103;118;149;146;102;137;103;97;163
21-11-2007;06:30:00;111;148;161;179;207;160;198;170;163;233
21-11-2007;06:45:00;154;246;238;260;309;277;296;277;216;332
21-11-2007;07:00:00;221;357;345;384;451;369;420;357;289;439
21-11-2007;07:15:00;248;336;383;392;495;350;433;344;276;446
21-11-2007;07:30:00;319;455;432;424;604;472;550;459;405;566
21-11-2007;07:45:00;342;522;463;494;541;521;494;534;451;524
21-11-2007;08:00:00;420;680;552;559;657;656;594;625;545;642
21-11-2007;08:15:00;370;619;490;452;545;604;506;591;473;547
21-11-2007;08:30:00;382;696;555;535;557;598;531;586;477;556
21-11-2007;08:45:00;325;564;458;473;536;541;504;536;441;546
21-11-2007;09:00:00;366;671;480;515;461;507;440;507;363;477
21-11-2007;09:15:00;247;423;351;348;397;393;386;393;322;436
21-11-2007;09:30:00;219;362;342;340;372;353;374;358;296;363
21-11-2007;09:45:00;249;389;378;376;376;319;375;311;289;376
21-11-2007;10:00:00;237;398;341;312;348;355;337;358;318;361
21-11-2007;10:15:00;218;346;255;238;314;303;316;300;255;371
21-11-2007;10:30:00;223;370;260;232;296;375;318;372;289;372
21-11-2007;10:45:00;221;330;277;234;333;366;327;378;330;361
21-11-2007;11:00:00;193;332;274;249;350;323;364;321;277;419
21-11-2007;11:15:00;160;273;212;219;297;282;328;300;269;360
21-11-2007;11:30:00;195;326;252;239;278;311;283;308;264;338
21-11-2007;11:45:00;219;385;292;276;320;337;327;347;308;369
21-11-2007;12:00:00;209;343;317;300;398;347;413;347;312;436
21-11-2007;12:15:00;185;335;307;275;367;314;373;324;295;412
21-11-2007;12:30:00;255;407;312;286;360;346;361;365;313;423
21-11-2007;12:45:00;258;430;322;319;410;432;429;456;445;448
21-11-2007;13:00:00;243;376;301;250;366;362;383;377;339;396
21-11-2007;13:15:00;193;331;266;246;372;353;376;379;308;446
21-11-2007;13:30:00;206;368;313;261;316;328;330;363;326;376
21-11-2007;13:45:00;219;339;309;272;341;333;363;352;317;392
21-11-2007;14:00:00;212;387;293;278;401;402;411;422;375;452
21-11-2007;14:15:00;232;474;348;309;368;399;381;418;361;429
21-11-2007;14:30:00;285;552;427;374;429;480;440;484;444;507
21-11-2007;14:45:00;231;466;345;307;397;439;407;467;436;481
21-11-2007;15:00:00;282;550;405;358;499;543;501;553;548;580
21-11-2007;15:15:00;270;587;489;395;535;532;545;581;519;621
21-11-2007;15:30:00;264;528;473;394;504;507;508;539;487;611
21-11-2007;15:45:00;251;482;410;335;498;481;495;503;478;587
21-11-2007;16:00:00;234;479;426;360;468;478;475;510;481;586
21-11-2007;16:15:00;248;483;513;423;551;507;590;536;529;634
21-11-2007;16:30:00;229;457;478;399;556;436;533;454;435;598
21-11-2007;16:45:00;238;447;413;367;543;418;541;448;410;586
21-11-2007;17:00:00;194;373;385;350;501;362;531;377;354;543
21-11-2007;17:15:00;165;331;343;296;476;325;462;363;313;531
21-11-2007;17:30:00;173;321;343;289;438;330;464;329;296;470
21-11-2007;17:45:00;150;282;288;236;403;292;440;311;279;433
21-11-2007;18:00:00;130;222;248;205;286;219;290;248;217;319
21-11-2007;18:15:00;153;220;236;191;265;221;300;236;185;326
21-11-2007;18:30:00;95;184;201;164;232;175;264;193;173;285
21-11-2007;18:45:00;128;185;159;145;204;175;218;181;160;241
21-11-2007;19:00:00;122;172;188;147;207;182;247;203;143;250
21-11-2007;19:15:00;98;169;162;136;181;151;199;179;111;216
21-11-2007;19:30:00;75;144;107;84;128;136;134;151;127;157
21-11-2007;19:45:00;71;113;105;89;121;122;145;141;104;147
21-11-2007;20:00:00;70;101;111;87;114;104;140;112;102;147
21-11-2007;20:15:00;53;88;86;71;91;87;114;93;97;123
21-11-2007;20:30:00;76;90;102;77;100;97;120;107;86;119
21-11-2007;20:45:00;64;93;78;64;95;95;107;110;79;119
21-11-2007;21:00:00;58;80;75;60;91;85;103;87;68;114
21-11-2007;21:15:00;60;73;66;62;88;76;106;88;66;110
21-11-2007;21:30:00;48;93;66;51;75;101;92;103;100;96
21-11-2007;21:45:00;62;87;67;63;71;86;88;89;57;89
21-11-2007;22:00:00;46;71;61;44;88;75;101;91;64;119
21-11-2007;22:15:00;53;73;56;48;93;90;112;93;72;114
21-11-2007;22:30:00;81;100;59;60;74;111;90;120;79;106
21-11-2007;22:45:00;54;74;66;49;89;79;92;74;72;87
21-11-2007;23:00:00;58;73;63;53;72;72;82;73;74;89
21-11-2007;23:15:00;53;71;54;42;80;72;83;77;61;70
21-11-2007;23:30:00;53;70;42;42;65;66;68;61;53;62
21-11-2007;23:45:00;35;71;22;21;27;68;34;73;55;41
22-11-2007;00:00:00;34;36;26;18;27;45;31;35;38;58
22-11-2007;00:15:00;13;13;9;8;18;35;18;31;25;43
22-11-2007;00:30:00;13;17;12;9;15;32;18;27;35;20
22-11-2007;00:45:00;19;21;25;18;19;23;24;23;18;26
22-11-2007;01:00:00;8;8;7;7;18;16;18;17;15;24
22-11-2007;01:15:00;4;6;4;4;6;8;8;7;7;7
22-11-2007;01:30:00;4;4;3;3;10;13;11;12;11;14
22-11-2007;02:45:00;3;3;4;5;4;4;5;5;6;4
22-11-2007;03:00:00;4;5;5;5;8;10;9;8;9;8
22-11-2007;03:15:00;2;2;3;2;13;10;13;11;11;10
22-11-2007;03:30:00;2;3;2;2;8;7;8;7;8;10
22-11-2007;03:45:00;3;4;4;4;7;9;13;9;7;10
22-11-2007;04:15:00;4;5;5;4;9;10;10;8;12;15
22-11-2007;04:30:00;11;11;14;14;15;13;18;13;10;21
22-11-2007;04:45:00;6;6;10;10;17;14;19;12;15;18
22-11-2007;05:00:00;12;13;16;20;32;23;29;22;44;42
22-11-2007;05:15:00;18;18;18;22;31;29;30;28;38;45
22-11-2007;05:30:00;28;34;29;35;38;48;42;43;59;46
22-11-2007;05:45:00;49;52;44;62;76;70;66;63;81;77
22-11-2007;06:00:00;61;87;89;113;113;112;105;111;105;124
22-11-2007;06:15:00;69;87;105;128;131;109;133;97;100;156
22-11-2007;06:30:00;92;150;149;169;184;151;174;163;150;207
22-11-2007;06:45:00;159;258;266;298;344;279;321;281;227;367
22-11-2007;07:00:00;207;317;311;329;412;328;379;333;265;417
22-11-2007;07:15:00;240;325;415;422;492;334;451;328;276;467
22-11-2007;07:30:00;313;438;422;426;530;453;490;438;359;494
22-11-2007;07:45:00;389;594;541;538;625;603;576;594;510;591
22-11-2007;08:00:00;393;623;490;491;585;562;529;560;503;596
22-11-2007;08:15:00;341;598;480;464;553;586;506;587;452;555
22-11-2007;08:30:00;358;608;460;475;545;579;494;573;416;542
22-11-2007;08:45:00;343;610;455;464;543;589;510;583;465;571
22-11-2007;09:00:00;290;523;399;410;466;498;456;480;360;489
22-11-2007;09:15:00;264;423;364;366;402;411;399;412;313;428
22-11-2007;09:30:00;213;354;299;301;358;344;352;334;295;365
22-11-2007;09:45:00;237;371;331;297;334;337;315;335;275;350
22-11-2007;10:00:00;234;401;310;317;375;405;381;414;302;399
22-11-2007;10:15:00;182;319;256;254;317;304;307;327;277;343
22-11-2007;10:30:00;220;354;289;281;357;343;371;348;337;390
22-11-2007;10:45:00;221;356;289;252;341;351;342;349;298;386
22-11-2007;11:00:00;231;361;296;260;326;311;334;304;276;367
22-11-2007;11:15:00;273;499;305;283;319;452;334;465;396;380
22-11-2007;11:30:00;217;381;283;269;324;381;332;378;381;385
22-11-2007;11:45:00;224;367;333;310;333;300;336;321;305;360
22-11-2007;12:00:00;206;365;281;256;305;341;329;367;311;372
22-11-2007;12:15:00;211;347;297;248;320;310;332;333;262;376
22-11-2007;12:30:00;242;404;350;306;348;360;366;368;316;374
22-11-2007;12:45:00;203;342;277;233;316;310;327;320;306;361
22-11-2007;13:00:00;206;342;270;243;323;318;336;345;285;386
22-11-2007;13:15:00;205;330;306;266;351;326;365;360;345;409
22-11-2007;13:30:00;276;485;353;315;303;336;310;350;334;374
22-11-2007;13:45:00;237;444;345;334;376;373;387;399;373;432
22-11-2007;14:00:00;199;376;294;255;342;358;350;382;354;397
22-11-2007;14:15:00;219;418;342;308;387;340;405;383;348;475
22-11-2007;14:30:00;271;456;310;273;326;417;338;416;398;412
22-11-2007;14:45:00;288;553;417;397;452;496;470;530;490;537
22-11-2007;15:00:00;239;494;368;318;395;462;406;490;452;466
22-11-2007;15:15:00;345;730;537;419;443;479;455;488;487;522
22-11-2007;15:30:00;258;521;477;398;442;480;455;506;495;552
22-11-2007;15:45:00;261;516;493;416;604;564;608;581;572;721
22-11-2007;16:00:00;258;519;449;421;501;482;521;499;478;566
22-11-2007;16:15:00;211;439;452;383;570;534;586;523;546;638
22-11-2007;16:30:00;323;706;706;566;602;519;610;540;559;650
22-11-2007;16:45:00;243;438;419;375;499;433;504;456;452;560
22-11-2007;17:00:00;240;479;440;376;559;483;573;508;445;607
22-11-2007;17:15:00;198;391;366;285;450;392;471;434;370;512
22-11-2007;17:30:00;184;345;360;318;407;326;442;357;304;440
22-11-2007;17:45:00;159;286;315;266;364;262;379;284;292;420
22-11-2007;18:00:00;163;343;305;227;321;259;367;292;238;385
22-11-2007;18:15:00;155;273;276;220;281;237;312;284;246;310
22-11-2007;18:30:00;132;194;217;182;256;216;280;254;203;293
22-11-2007;18:45:00;120;187;201;170;240;199;266;215;184;272
22-11-2007;19:00:00;117;183;180;153;195;170;213;185;173;224
22-11-2007;19:15:00;98;171;153;118;183;177;198;202;154;209
22-11-2007;19:30:00;92;132;109;90;137;133;160;148;105;180
22-11-2007;19:45:00;69;111;103;82;145;139;156;144;75;185
22-11-2007;20:00:00;90;133;130;105;135;127;157;140;107;164
22-11-2007;20:15:00;66;104;107;83;130;104;152;116;78;139
22-11-2007;20:30:00;80;111;99;83;95;108;111;108;74;119
22-11-2007;20:45:00;74;97;95;69;108;90;119;100;90;130
22-11-2007;21:00:00;57;98;77;52;120;108;118;108;65;142
22-11-2007;21:15:00;63;95;57;49;88;100;106;111;96;115
22-11-2007;21:30:00;60;92;73;53;94;109;100;112;85;137
22-11-2007;21:45:00;62;85;82;62;99;86;111;101;69;119
22-11-2007;22:00:00;60;77;64;54;95;89;108;87;64;117
22-11-2007;22:15:00;49;95;60;56;97;99;99;98;78;127
22-11-2007;22:30:00;55;77;71;65;81;77;87;80;70;106
22-11-2007;22:45:00;54;70;57;51;81;72;91;76;73;97
22-11-2007;23:00:00;55;64;44;37;63;73;75;67;47;79
22-11-2007;23:15:00;50;73;54;47;81;76;83;86;63;75
22-11-2007;23:30:00;39;51;27;25;66;58;60;61;54;71
22-11-2007;23:45:00;38;64;32;33;39;74;41;74;62;58
23-11-2007;00:00:00;23;36;20;16;18;36;32;36;26;47
23-11-2007;00:15:00;16;16;10;12;24;25;25;27;23;30
23-11-2007;00:30:00;16;27;13;13;17;28;20;32;29;32
23-11-2007;00:45:00;11;14;6;7;15;31;23;32;27;22
23-11-2007;01:00:00;11;16;13;9;12;16;18;16;14;18
23-11-2007;01:15:00;3;3;4;5;4;4;4;4;5;5
23-11-2007;01:30:00;3;4;3;3;8;8;9;7;7;8
23-11-2007;01:45:00;10;12;7;7;11;17;11;19;15;11
23-11-2007;02:00:00;5;4;4;5;6;7;7;7;5;8
23-11-2007;02:15:00;2;2;3;3;5;7;6;6;5;6
23-11-2007;02:45:00;2;2;2;3;6;5;7;5;5;9
23-11-2007;03:00:00;1;2;1;1;2;3;2;2;2;2
23-11-2007;03:15:00;5;6;5;6;8;12;9;7;7;8
23-11-2007;03:30:00;4;4;5;5;5;6;5;8;6;5
23-11-2007;03:45:00;1;1;2;1;7;6;7;6;6;8
23-11-2007;04:00:00;1;1;1;1;9;8;10;8;11;10
23-11-2007;04:15:00;3;3;3;6;12;8;9;8;9;11
23-11-2007;04:30:00;7;9;7;6;18;17;16;17;18;17
23-11-2007;04:45:00;9;9;12;14;25;21;24;17;21;30
23-11-2007;05:00:00;9;14;12;14;22;27;22;26;30;23
23-11-2007;05:15:00;17;17;25;27;32;21;40;26;35;33
23-11-2007;05:30:00;22;35;30;35;38;31;39;37;48;49
23-11-2007;05:45:00;36;48;58;74;86;64;72;60;70;77
23-11-2007;06:00:00;66;103;85;122;103;108;95;107;103;106
23-11-2007;06:15:00;71;89;111;151;134;103;127;105;102;147
23-11-2007;06:30:00;85;135;143;149;174;142;172;145;137;197
23-11-2007;06:45:00;141;231;241;259;307;251;294;246;228;324
23-11-2007;07:00:00;222;336;334;360;417;341;396;337;265;427
23-11-2007;07:15:00;248;314;328;334;444;319;393;321;274;413
23-11-2007;07:30:00;323;496;424;456;532;497;490;495;384;470
23-11-2007;07:45:00;324;508;419;444;534;524;506;510;449;536
23-11-2007;08:00:00;377;593;516;511;600;572;558;567;487;580
23-11-2007;08:15:00;344;574;484;465;553;542;516;550;431;546
23-11-2007;08:30:00;321;571;414;433;477;538;456;516;376;495
23-11-2007;08:45:00;340;610;427;437;507;576;481;576;434;526
23-11-2007;09:00:00;293;514;368;393;428;472;417;480;319;446
23-11-2007;09:15:00;250;418;304;314;375;387;377;379;305;399
23-11-2007;09:30:00;203;344;293;261;334;348;318;336;298;353
23-11-2007;09:45:00;194;309;308;278;348;299;341;295;292;376
23-11-2007;10:00:00;198;334;256;261;351;325;338;308;257;389
23-11-2007;10:15:00;188;315;249;225;311;313;300;315;269;354
23-11-2007;10:30:00;210;320;248;228;344;304;345;312;306;379
23-11-2007;10:45:00;204;328;300;265;348;322;341;334;312;233
23-11-2007;11:00:00;196;334;287;259;245;340;337;338;258;154
23-11-2007;11:15:00;213;391;295;258;83;396;166;409;291;16
23-11-2007;11:30:00;179;339;245;221;279;374;261;392;310;354
23-11-2007;11:45:00;193;364;304;262;367;351;352;372;337;437
23-11-2007;12:00:00;207;348;297;264;347;357;358;361;330;366
23-11-2007;12:15:00;253;412;339;295;336;359;334;378;321;405
23-11-2007;12:30:00;209;375;294;242;353;364;357;389;353;399
23-11-2007;12:45:00;226;364;309;264;373;341;373;362;364;390
23-11-2007;13:00:00;196;352;357;325;392;343;396;359;344;427
23-11-2007;13:15:00;197;367;301;257;329;370;342;384;336;377
23-11-2007;13:30:00;188;358;306;254;361;336;370;352;326;406
23-11-2007;13:45:00;280;495;401;326;366;397;369;402;335;414
23-11-2007;14:00:00;225;422;317;257;354;412;387;420;354;423
23-11-2007;14:15:00;220;409;348;303;410;417;427;438;429;473
23-11-2007;14:30:00;247;471;419;354;514;447;512;431;445;586
23-11-2007;14:45:00;250;525;413;369;450;504;456;530;505;576
23-11-2007;15:00:00;259;528;396;330;441;466;456;489;423;524
23-11-2007;15:15:00;270;557;473;386;542;528;550;534;490;614
23-11-2007;15:30:00;245;542;551;436;527;511;560;512;465;613
23-11-2007;15:45:00;286;543;555;484;571;471;579;514;512;658
23-11-2007;16:00:00;283;563;523;432;570;532;566;547;483;634
23-11-2007;16:15:00;258;535;487;401;505;442;524;472;421;546
23-11-2007;16:30:00;224;434;425;350;517;421;532;450;416;551
23-11-2007;16:45:00;202;359;396;336;437;307;456;336;325;483
23-11-2007;17:00:00;176;329;365;308;441;315;478;351;297;504
23-11-2007;17:15:00;185;318;320;271;317;271;343;300;250;386
23-11-2007;17:30:00;166;278;269;233;315;283;323;308;271;365
23-11-2007;17:45:00;138;256;268;217;279;249;300;288;230;322
23-11-2007;18:00:00;150;251;237;197;299;244;321;276;208;317
23-11-2007;18:15:00;142;238;255;202;272;237;287;261;211;280
23-11-2007;18:30:00;127;207;189;174;215;202;255;240;155;243
23-11-2007;18:45:00;104;174;198;161;189;154;223;176;126;213
23-11-2007;19:00:00;107;161;181;145;157;160;200;199;163;161
23-11-2007;19:15:00;83;139;132;121;154;150;197;172;141;166
23-11-2007;19:30:00;76;127;131;113;133;132;166;145;110;144
23-11-2007;19:45:00;71;111;120;91;121;102;135;119;83;145
23-11-2007;20:00:00;55;83;83;63;100;92;116;108;80;114
23-11-2007;20:15:00;51;79;60;47;87;93;95;114;74;108
23-11-2007;20:30:00;41;68;58;54;78;78;90;89;96;106
23-11-2007;20:45:00;66;92;71;55;58;85;70;85;72;75
23-11-2007;21:00:00;49;81;54;46;72;97;86;97;76;91
23-11-2007;21:15:00;51;67;57;51;62;66;76;67;54;77
23-11-2007;21:30:00;44;61;44;47;56;69;64;71;64;63
23-11-2007;21:45:00;46;73;54;46;71;104;80;105;99;88
23-11-2007;22:00:00;72;94;59;48;94;117;76;131;180;99
23-11-2007;22:15:00;43;69;51;60;57;79;74;82;75;85
23-11-2007;22:30:00;50;66;58;61;68;75;82;85;71;90
23-11-2007;22:45:00;35;56;50;44;76;67;88;80;70;89
23-11-2007;23:00:00;48;64;60;51;78;69;88;77;51;85
23-11-2007;23:15:00;42;59;59;52;90;58;83;62;47;82
23-11-2007;23:30:00;59;69;46;54;59;71;62;71;62;71
23-11-2007;23:45:00;44;62;50;51;71;75;76;87;79;79
24-11-2007;00:00:00;47;79;56;46;61;74;67;78;70;80
24-11-2007;00:15:00;39;68;40;39;61;72;53;81;59;79
24-11-2007;00:30:00;42;51;20;25;42;64;50;63;53;55
24-11-2007;00:45:00;21;32;24;25;47;40;49;42;52;51
24-11-2007;01:00:00;24;30;24;24;52;35;62;42;38;58
24-11-2007;01:15:00;31;37;29;24;37;35;42;40;44;50
24-11-2007;01:30:00;25;27;21;16;31;48;30;43;35;27
24-11-2007;01:45:00;25;24;18;19;26;36;26;34;30;25
24-11-2007;02:00:00;12;20;18;18;29;28;27;27;22;32
24-11-2007;02:15:00;21;23;14;19;19;31;21;31;30;24
24-11-2007;02:30:00;7;9;7;8;24;17;25;23;17;30
24-11-2007;02:45:00;12;21;10;11;22;28;26;29;17;31
24-11-2007;03:00:00;14;16;12;11;24;26;23;20;20;25
24-11-2007;03:15:00;6;6;9;7;14;9;15;8;8;15
24-11-2007;03:30:00;7;9;6;7;9;13;9;13;13;12
24-11-2007;03:45:00;7;9;7;6;12;10;16;12;13;14
24-11-2007;04:00:00;22;28;12;13;19;26;16;21;16;22
24-11-2007;04:15:00;8;10;12;12;18;21;22;21;22;28
24-11-2007;04:30:00;6;7;8;6;7;7;10;9;8;10
24-11-2007;04:45:00;8;9;6;6;18;13;15;16;18;19
24-11-2007;05:00:00;2;2;3;2;12;12;17;14;18;18
24-11-2007;05:15:00;3;4;5;6;10;11;19;12;12;14
24-11-2007;05:30:00;9;15;9;12;16;17;20;18;19;23
24-11-2007;05:45:00;12;13;15;13;27;22;25;25;26;25
24-11-2007;06:00:00;8;9;6;7;9;12;11;12;16;20
24-11-2007;06:15:00;13;16;21;16;24;20;28;24;20;30
24-11-2007;06:30:00;12;15;12;12;24;26;28;22;26;32
24-11-2007;06:45:00;35;35;24;20;39;39;32;52;56;46
24-11-2007;07:00:00;38;37;30;26;45;41;49;52;57;49
24-11-2007;07:15:00;46;40;41;37;55;40;51;49;36;38
24-11-2007;07:30:00;58;50;44;32;72;49;62;57;61;48
24-11-2007;07:45:00;61;70;50;50;46;74;53;75;58;53
24-11-2007;08:00:00;61;72;52;47;71;85;59;87;62;79
24-11-2007;08:15:00;31;52;38;35;60;68;63;69;69;69
24-11-2007;08:30:00;44;61;46;33;68;85;66;83;66;66
24-11-2007;08:45:00;61;84;77;64;97;95;94;107;72;104
24-11-2007;09:00:00;75;107;94;90;105;113;104;119;105;111
24-11-2007;09:15:00;61;91;87;67;105;99;107;99;95;120
24-11-2007;09:30:00;81;122;121;101;117;122;125;131;107;148
24-11-2007;09:45:00;84;121;108;94;141;144;149;147;111;174
24-11-2007;10:00:00;114;172;172;149;188;184;207;179;125;210
24-11-2007;10:15:00;114;161;134;100;168;191;184;183;158;180
24-11-2007;10:30:00;139;188;136;114;181;189;195;194;165;191
24-11-2007;10:45:00;126;197;162;125;208;211;214;228;176;224
24-11-2007;11:00:00;115;185;156;142;212;219;233;217;174;234
24-11-2007;11:15:00;149;223;181;161;239;238;249;267;193;231
24-11-2007;11:30:00;144;235;180;150;207;258;206;277;212;224
24-11-2007;11:45:00;124;218;190;163;237;217;248;242;180;246
24-11-2007;12:00:00;168;236;220;172;234;236;252;254;211;248
24-11-2007;12:15:00;134;231;237;205;245;259;268;278;189;259
24-11-2007;12:30:00;146;249;230;196;249;256;277;275;193;264
24-11-2007;12:45:00;147;243;216;186;255;240;281;269;209;264
24-11-2007;13:00:00;157;250;204;175;243;243;260;276;190;263
24-11-2007;13:15:00;136;233;218;185;250;240;281;292;214;248
24-11-2007;13:30:00;154;245;187;168;247;261;264;287;218;240
24-11-2007;13:45:00;162;221;199;183;246;235;284;250;185;258
24-11-2007;14:00:00;174;248;230;187;274;249;301;283;192;285
24-11-2007;14:15:00;150;233;182;169;220;220;240;253;195;215
24-11-2007;14:30:00;152;240;188;156;215;235;252;267;196;223
24-11-2007;14:45:00;141;219;199;171;252;223;288;251;188;243
24-11-2007;15:00:00;127;202;208;189;220;203;253;237;220;219
24-11-2007;15:15:00;151;199;175;155;237;240;260;259;199;244
24-11-2007;15:30:00;133;209;187;160;253;219;269;241;180;253
24-11-2007;15:45:00;126;157;175;149;221;147;245;191;147;248
24-11-2007;16:00:00;118;185;184;148;203;182;225;224;143;225
24-11-2007;16:15:00;112;196;171;160;198;202;212;222;161;220
24-11-2007;16:30:00;117;160;156;136;190;158;207;172;139;206
24-11-2007;16:45:00;107;177;149;143;171;178;207;210;143;188
24-11-2007;17:00:00;104;156;143;126;186;174;223;194;150;205
24-11-2007;17:15:00;106;161;158;142;193;167;208;194;128;207
24-11-2007;17:30:00;112;179;138;116;182;179;195;188;143;208
24-11-2007;17:45:00;117;170;135;107;161;188;167;193;152;197
24-11-2007;18:00:00;129;189;156;124;184;176;190;195;128;191
24-11-2007;18:15:00;74;126;108;93;146;141;161;148;104;164
24-11-2007;18:30:00;85;136;86;78;121;138;110;132;104;133
24-11-2007;18:45:00;87;117;89;69;105;145;112;139;92;127
24-11-2007;19:00:00;58;92;61;44;77;106;103;119;80;79
24-11-2007;19:15:00;61;86;53;47;80;90;89;90;58;102
24-11-2007;19:30:00;55;66;37;28;69;77;72;79;53;90
24-11-2007;19:45:00;50;82;57;46;74;96;90;100;65;77
24-11-2007;20:00:00;47;65;60;47;60;68;72;77;63;75
24-11-2007;20:15:00;46;72;48;41;52;70;70;68;45;58
24-11-2007;20:30:00;52;82;60;40;60;88;79;98;51;69
24-11-2007;20:45:00;32;46;55;46;65;71;84;79;45;64
24-11-2007;21:00:00;38;59;41;39;58;66;64;62;52;72
24-11-2007;21:15:00;40;52;35;32;55;64;62;64;60;66
24-11-2007;21:30:00;22;28;27;21;53;51;50;59;62;62
24-11-2007;21:45:00;48;50;54;55;68;67;74;74;68;70
24-11-2007;22:00:00;44;65;59;54;64;75;91;87;83;82
24-11-2007;22:15:00;44;58;56;53;60;70;74;74;67;66
24-11-2007;22:30:00;56;87;68;55;71;78;80;83;79;76
24-11-2007;22:45:00;43;55;65;56;70;50;80;63;58;74
24-11-2007;23:00:00;56;68;75;58;83;72;83;78;53;73
24-11-2007;23:15:00;55;61;70;63;104;69;112;65;50;100
24-11-2007;23:30:00;59;84;57;49;82;80;84;92;80;89
24-11-2007;23:45:00;44;69;61;51;55;70;57;72;55;79
25-11-2007;00:00:00;46;60;55;54;71;65;87;63;45;93
25-11-2007;00:15:00;44;66;45;50;58;65;57;63;53;66
25-11-2007;00:30:00;44;54;63;53;78;57;79;57;51;91
25-11-2007;00:45:00;38;55;45;38;63;65;75;78;53;71
25-11-2007;01:00:00;39;44;36;34;51;48;56;53;37;66
25-11-2007;01:15:00;33;36;47;36;54;44;52;43;46;57
25-11-2007;01:30:00;31;41;29;38;21;42;23;44;39;37
25-11-2007;01:45:00;29;34;25;23;41;36;42;32;24;39
25-11-2007;02:00:00;17;19;39;28;45;37;53;43;30;46
25-11-2007;02:15:00;19;24;19;14;35;32;42;34;28;30
25-11-2007;02:30:00;36;41;20;18;38;46;42;47;37;33
25-11-2007;02:45:00;21;23;9;9;27;33;32;35;22;23
25-11-2007;03:00:00;10;17;13;14;20;27;26;28;15;19
25-11-2007;03:15:00;10;11;17;13;19;24;24;22;16;23
25-11-2007;03:30:00;19;21;20;13;21;22;32;26;16;27
25-11-2007;03:45:00;7;11;8;9;15;16;17;14;14;17
25-11-2007;04:00:00;14;15;9;8;15;18;17;18;19;14
25-11-2007;04:15:00;10;11;7;7;9;16;14;17;10;9
25-11-2007;04:30:00;2;3;2;2;13;23;13;22;13;14
25-11-2007;04:45:00;7;13;6;6;14;21;18;18;17;14
25-11-2007;05:00:00;8;10;8;14;14;15;14;22;22;20
25-11-2007;05:15:00;2;2;3;2;9;9;11;9;15;13
25-11-2007;05:30:00;5;7;5;7;11;12;17;12;12;13
25-11-2007;05:45:00;3;4;4;7;15;14;18;16;15;16
25-11-2007;06:00:00;3;3;3;4;15;15;12;15;11;18
25-11-2007;06:15:00;8;7;5;5;9;11;9;10;10;12
25-11-2007;06:30:00;12;15;13;8;12;19;11;20;11;15
25-11-2007;06:45:00;18;20;13;15;23;20;23;18;22;30
25-11-2007;07:00:00;18;25;15;18;24;33;25;30;23;15
25-11-2007;07:15:00;27;28;28;29;39;32;42;34;17;30
25-11-2007;07:30:00;51;41;33;31;53;45;52;38;38;36
25-11-2007;07:45:00;36;44;28;30;35;49;34;47;41;36
25-11-2007;08:00:00;48;64;37;36;51;58;49;55;39;48
25-11-2007;08:15:00;34;49;22;17;27;55;36;47;37;39
25-11-2007;08:30:00;37;42;32;32;42;43;45;53;30;46
25-11-2007;08:45:00;48;50;36;35;45;56;50;61;40;53
25-11-2007;09:00:00;50;72;48;46;54;68;67;69;39;68
25-11-2007;09:15:00;37;52;48;39;61;65;67;71;54;68
25-11-2007;09:30:00;44;67;60;55;77;74;78;89;47;82
25-11-2007;09:45:00;62;76;73;55;106;90;114;98;65;112
25-11-2007;10:00:00;88;137;107;84;125;134;140;147;78;138
25-11-2007;10:15:00;80;111;78;70;116;118;119;151;111;136
25-11-2007;10:30:00;78;129;105;83;133;141;131;143;112;146
25-11-2007;10:45:00;97;148;112;101;151;144;141;157;146;174
25-11-2007;11:00:00;77;151;128;109;162;158;160;168;134;173
25-11-2007;11:15:00;122;163;121;112;157;164;164;176;146;176
25-11-2007;11:30:00;110;176;107;101;160;183;163;202;168;170
25-11-2007;11:45:00;111;175;122;110;154;163;161;170;130;154
25-11-2007;12:00:00;124;188;134;109;172;200;182;202;161;177
25-11-2007;12:15:00;89;174;139;126;191;188;199;205;147;185
25-11-2007;12:30:00;118;206;147;121;175;231;205;245;220;192
25-11-2007;12:45:00;138;232;136;118;183;220;181;258;235;210
25-11-2007;13:00:00;128;212;160;130;207;231;217;246;201;236
25-11-2007;13:15:00;133;218;138;132;196;229;218;253;178;180
25-11-2007;13:30:00;159;270;165;146;204;267;212;283;200;208
25-11-2007;13:45:00;142;236;160;151;181;230;196;238;199;218
25-11-2007;14:00:00;127;192;177;161;237;182;240;201;163;247
25-11-2007;14:15:00;128;197;173;148;207;205;208;236;183;231
25-11-2007;14:30:00;120;181;187;161;219;180;238;232;163;237
25-11-2007;14:45:00;133;189;180;145;222;181;233;224;149;223
25-11-2007;15:00:00;153;176;197;172;223;176;244;195;159;228
25-11-2007;15:15:00;145;187;195;179;209;183;221;191;147;228
25-11-2007;15:30:00;113;159;160;144;180;164;195;181;154;208
25-11-2007;15:45:00;127;183;154;133;188;180;201;181;145;206
25-11-2007;16:00:00;128;174;160;128;161;171;172;185;144;182
25-11-2007;16:15:00;101;159;133;129;157;145;172;159;136;180
25-11-2007;16:30:00;101;154;148;137;168;158;186;154;114;193
25-11-2007;16:45:00;100;156;144;132;165;153;175;160;132;185
25-11-2007;17:00:00;94;136;139;107;191;153;194;163;144;187
25-11-2007;17:15:00;110;147;155;126;163;154;180;153;130;177
25-11-2007;17:30:00;109;164;133;121;151;156;158;160;113;168
25-11-2007;17:45:00;102;159;139;110;142;169;153;178;122;159
25-11-2007;18:00:00;106;144;120;93;139;137;137;141;132;152
25-11-2007;18:15:00;77;124;110;91;138;124;150;120;102;150
25-11-2007;18:30:00;87;126;107;89;118;131;118;136;97;126
25-11-2007;18:45:00;74;120;110;87;130;129;135;118;105;139
25-11-2007;19:00:00;76;126;101;78;108;124;116;123;94;125
25-11-2007;19:15:00;64;102;84;68;108;93;113;108;95;134
25-11-2007;19:30:00;58;89;87;69;94;111;97;111;86;93
25-11-2007;19:45:00;54;81;95;75;96;105;105;105;71;113
25-11-2007;20:00:00;55;75;73;51;68;78;91;84;70;84
25-11-2007;20:15:00;34;48;55;53;71;68;76;65;54;78
25-11-2007;20:30:00;43;57;51;38;53;61;67;65;48;80
25-11-2007;20:45:00;33;35;38;42;41;44;44;46;53;54
25-11-2007;21:00:00;30;39;30;28;31;41;47;43;51;44
25-11-2007;21:15:00;25;39;47;34;49;42;57;48;43;70
25-11-2007;21:30:00;35;58;39;40;71;59;83;61;47;88
25-11-2007;21:45:00;46;64;51;37;68;78;73;82;65;69
25-11-2007;22:00:00;36;47;45;37;67;61;80;63;60;84
25-11-2007;22:15:00;44;59;47;41;66;58;66;63;54;80
25-11-2007;22:30:00;35;49;49;38;60;57;58;56;55;74
25-11-2007;22:45:00;35;40;44;36;51;50;58;51;54;63
25-11-2007;23:00:00;34;39;42;31;50;44;57;52;45;55
25-11-2007;23:15:00;29;26;39;21;40;34;40;32;32;56
25-11-2007;23:30:00;25;26;18;24;42;38;52;39;33;37
25-11-2007;23:45:00;15;31;19;14;21;37;24;36;30;37
26-11-2007;00:00:00;13;21;17;15;26;30;23;28;26;35
26-11-2007;00:15:00;10;14;16;15;17;29;23;27;26;42
26-11-2007;00:30:00;18;21;12;12;13;22;15;19;37;16
26-11-2007;00:45:00;7;6;8;9;7;10;8;7;10;11
26-11-2007;01:00:00;5;7;7;7;14;14;24;19;18;19
26-11-2007;01:15:00;9;7;5;5;8;11;8;9;9;10
26-11-2007;01:30:00;6;8;7;6;13;17;17;17;16;15
26-11-2007;01:45:00;2;2;3;2;9;6;8;6;7;9
26-11-2007;02:00:00;4;5;4;5;9;10;10;10;9;12
26-11-2007;02:30:00;2;2;3;3;5;4;5;4;4;7
26-11-2007;03:00:00;4;4;6;4;3;3;5;3;3;4
26-11-2007;03:15:00;2;3;2;2;9;10;11;10;9;14
26-11-2007;03:45:00;5;4;4;5;9;11;9;8;9;11
26-11-2007;04:00:00;2;2;2;3;4;4;4;4;4;6
26-11-2007;04:15:00;6;6;4;4;7;10;7;9;12;8
26-11-2007;04:30:00;8;11;10;10;12;12;11;10;10;14
26-11-2007;04:45:00;5;7;5;6;15;17;16;13;14;15
26-11-2007;05:00:00;6;7;7;13;26;14;22;13;18;33
26-11-2007;05:15:00;19;31;15;18;32;31;29;32;23;34
26-11-2007;05:30:00;25;34;23;41;29;38;27;37;54;32
26-11-2007;05:45:00;48;53;48;55;75;57;65;60;53;92
26-11-2007;06:00:00;71;102;87;118;90;90;84;84;82;101
26-11-2007;06:15:00;67;98;99;126;141;103;137;109;111;158
26-11-2007;06:30:00;98;139;176;182;200;148;187;162;154;233
26-11-2007;06:45:00;206;312;265;276;352;323;328;332;252;377
26-11-2007;07:00:00;232;347;338;360;426;370;411;384;322;445
26-11-2007;07:15:00;220;282;372;379;447;286;402;279;243;406
26-11-2007;07:30:00;355;468;489;502;530;440;494;430;374;472
26-11-2007;07:45:00;361;502;451;456;576;512;521;501;479;544
26-11-2007;08:00:00;402;633;467;485;602;594;542;573;463;588
26-11-2007;08:15:00;344;590;486;461;564;568;530;549;427;557
26-11-2007;08:30:00;426;757;625;609;530;598;496;578;435;511
26-11-2007;08:45:00;314;569;414;438;559;526;488;520;401;554
26-11-2007;09:00:00;411;726;557;586;529;568;549;585;415;520
26-11-2007;09:15:00;317;588;507;504;484;476;793;845;365;510
26-11-2007;09:30:00;201;357;337;335;393;383;854;910;318;410
26-11-2007;09:45:00;204;345;336;332;383;323;746;754;273;381
26-11-2007;10:00:00;198;357;345;345;407;353;412;341;285;448
26-11-2007;10:15:00;173;309;320;300;357;298;351;304;275;403
26-11-2007;10:30:00;202;334;307;287;345;324;342;334;289;373
26-11-2007;10:45:00;199;333;292;293;338;310;345;308;267;353
26-11-2007;11:00:00;204;327;314;308;366;317;365;348;271;384
26-11-2007;11:15:00;192;329;285;261;341;319;338;334;304;395
26-11-2007;11:30:00;189;326;301;273;305;313;327;335;279;371
26-11-2007;11:45:00;195;315;268;225;318;295;313;315;266;367
26-11-2007;12:00:00;204;344;258;256;314;335;334;352;326;358
26-11-2007;12:15:00;203;347;279;280;319;342;334;351;332;389
26-11-2007;12:30:00;219;366;311;276;358;353;380;360;303;414
26-11-2007;12:45:00;231;355;287;269;336;353;344;348;318;361
26-11-2007;13:00:00;221;371;276;240;312;356;343;352;286;362
26-11-2007;13:15:00;199;329;256;224;313;340;341;344;288;366
26-11-2007;13:30:00;219;353;287;235;307;343;302;354;304;349
26-11-2007;13:45:00;214;379;300;283;369;366;381;370;335;406
26-11-2007;14:00:00;202;362;315;253;392;360;393;365;351;450
26-11-2007;14:15:00;200;382;342;297;395;360;406;386;343;440
26-11-2007;14:30:00;229;451;278;254;370;429;365;441;383;461
26-11-2007;14:45:00;243;460;331;315;355;418;360;446;400;430
26-11-2007;15:00:00;242;471;371;311;445;461;446;485;412;508
26-11-2007;15:15:00;295;556;464;381;530;494;518;542;514;603
26-11-2007;15:30:00;221;480;481;399;522;487;542;506;492;622
26-11-2007;15:45:00;234;477;430;369;510;492;507;505;459;621
26-11-2007;16:00:00;195;456;442;399;491;440;499;453;428;570
26-11-2007;16:15:00;231;485;470;401;482;470;511;490;475;476
26-11-2007;16:30:00;270;551;493;457;575;562;534;587;561;664
26-11-2007;16:45:00;271;525;436;414;568;497;541;520;493;622
26-11-2007;17:00:00;232;428;395;381;500;454;507;482;435;544
26-11-2007;17:15:00;202;360;447;388;569;362;561;387;351;601
26-11-2007;17:30:00;183;334;398;343;509;343;524;366;298;536
26-11-2007;17:45:00;149;283;348;292;442;280;469;310;265;461
26-11-2007;18:00:00;140;253;291;240;352;259;379;315;231;370
26-11-2007;18:15:00;123;226;255;203;299;223;336;275;218;340
26-11-2007;18:30:00;124;186;210;171;215;187;235;213;176;265
26-11-2007;18:45:00;104;160;159;141;205;169;232;175;160;241
26-11-2007;19:00:00;93;152;178;142;183;143;214;174;133;209
26-11-2007;19:15:00;85;132;109;92;150;155;162;166;126;183
26-11-2007;19:30:00;87;143;130;112;159;126;162;145;116;189
26-11-2007;19:45:00;55;113;91;60;129;118;122;123;112;151
26-11-2007;20:00:00;74;114;100;83;117;111;140;124;104;130
26-11-2007;20:15:00;65;107;111;74;123;119;149;123;80;167
26-11-2007;20:30:00;64;80;80;65;101;90;118;96;64;144
26-11-2007;20:45:00;63;77;66;64;80;88;95;95;62;114
26-11-2007;21:00:00;50;85;56;55;84;105;100;107;72;144
26-11-2007;21:15:00;67;84;61;45;77;88;82;89;69;99
26-11-2007;21:30:00;50;80;59;57;73;98;81;98;86;90
26-11-2007;21:45:00;52;70;59;52;72;87;83;84;78;91
26-11-2007;22:00:00;48;64;57;52;80;61;89;63;72;109
26-11-2007;22:15:00;47;79;61;50;62;86;72;81;75;71
26-11-2007;22:30:00;58;83;60;56;81;79;92;76;88;88
26-11-2007;22:45:00;53;74;62;50;69;80;84;83;65;84
26-11-2007;23:00:00;40;52;54;41;79;70;73;67;71;84
26-11-2007;23:15:00;62;64;62;41;61;61;66;65;58;73
26-11-2007;23:30:00;42;47;39;35;61;44;60;46;34;62
26-11-2007;23:45:00;30;42;23;26;24;41;28;43;25;36
27-11-2007;00:00:00;17;41;15;15;21;44;24;42;36;35
27-11-2007;00:15:00;21;36;21;17;18;26;17;28;20;23
27-11-2007;00:30:00;14;22;16;11;21;26;23;18;38;28
27-11-2007;00:45:00;9;16;11;13;15;14;20;20;16;20
27-11-2007;01:00:00;5;5;6;8;14;12;16;12;12;19
27-11-2007;01:15:00;4;6;6;4;6;6;5;5;6;5
27-11-2007;01:30:00;10;10;11;13;11;11;12;15;10;13
27-11-2007;01:45:00;1;1;1;1;7;13;7;9;10;7
27-11-2007;03:15:00;4;4;5;5;6;6;8;8;7;6
27-11-2007;03:45:00;4;5;3;3;7;9;8;8;10;7
27-11-2007;04:00:00;2;2;3;3;4;5;4;4;5;5
27-11-2007;04:30:00;5;5;8;9;15;8;13;8;8;12
27-11-2007;04:45:00;10;12;13;13;16;17;21;16;21;19
27-11-2007;05:00:00;12;17;9;11;29;25;29;28;22;35
27-11-2007;05:15:00;18;25;18;30;24;23;28;31;24;31
27-11-2007;05:30:00;29;29;29;33;48;37;53;41;53;55
27-11-2007;05:45:00;38;53;49;69;71;69;73;72;92;85
27-11-2007;06:00:00;64;89;90;115;96;101;101;100;94;121
27-11-2007;06:15:00;50;78;115;133;136;99;139;94;102;152
27-11-2007;06:30:00;73;132;157;170;188;154;185;145;141;205
27-11-2007;06:45:00;156;257;257;274;317;278;300;259;208;346
27-11-2007;07:00:00;239;346;358;389;515;389;481;384;322;509
27-11-2007;07:15:00;304;418;406;403;451;397;417;390;300;418
27-11-2007;07:30:00;366;513;472;483;595;521;523;504;402;551
27-11-2007;07:45:00;382;578;488;509;580;537;514;523;426;579
27-11-2007;08:00:00;389;592;488;502;576;583;521;563;480;570
27-11-2007;08:15:00;515;831;675;663;574;607;540;604;457;569
27-11-2007;08:30:00;380;656;487;461;574;632;517;617;477;568
27-11-2007;08:45:00;334;594;535;522;565;584;518;573;413;550
27-11-2007;09:00:00;262;452;455;439;539;430;528;458;330;521
27-11-2007;09:15:00;278;476;424;430;401;406;395;403;273;420
27-11-2007;09:30:00;224;372;339;343;379;355;374;354;295;383
27-11-2007;09:45:00;202;343;302;310;373;321;366;333;290;373
27-11-2007;10:00:00;203;351;315;300;394;343;389;371;286;402
27-11-2007;10:15:00;212;349;338;307;384;330;394;344;312;426
27-11-2007;10:30:00;210;350;321;293;363;328;357;336;276;406
27-11-2007;10:45:00;178;292;271;255;369;305;364;320;288;392
27-11-2007;11:00:00;230;398;317;301;345;368;373;375;318;389
27-11-2007;11:15:00;223;403;324;324;326;320;332;330;281;374
27-11-2007;11:30:00;248;375;365;324;358;305;370;329;285;394
27-11-2007;11:45:00;245;374;322;305;327;329;339;333;285;368
27-11-2007;12:00:00;196;321;270;268;310;319;326;334;306;344
27-11-2007;12:15:00;220;345;350;317;378;310;397;335;290;414
27-11-2007;12:30:00;221;369;312;299;362;340;387;342;299;417
27-11-2007;12:45:00;220;338;322;308;366;317;356;320;306;421
27-11-2007;13:00:00;246;385;314;284;340;341;346;339;296;376
27-11-2007;13:15:00;234;374;319;276;334;350;371;371;341;384
27-11-2007;13:30:00;228;366;299;275;350;364;377;378;321;402
27-11-2007;13:45:00;214;342;312;251;368;325;380;362;340;429
27-11-2007;14:00:00;234;400;298;250;350;381;370;392;352;426
27-11-2007;14:15:00;220;396;288;272;309;368;321;389;384;376
27-11-2007;14:30:00;216;421;339;281;373;380;390;398;349;424
27-11-2007;14:45:00;253;447;310;278;389;403;391;418;393;441
27-11-2007;15:00:00;268;508;385;345;436;476;430;506;480;557
27-11-2007;15:15:00;269;510;422;358;465;461;468;481;478;557
27-11-2007;15:30:00;240;477;441;368;488;486;510;496;454;583
27-11-2007;15:45:00;244;490;477;387;473;485;486;497;496;576
27-11-2007;16:00:00;256;498;497;444;569;521;567;559;501;668
27-11-2007;16:15:00;202;417;427;384;456;441;455;480;459;561
27-11-2007;16:30:00;275;546;476;463;588;560;567;593;493;706
27-11-2007;16:45:00;252;487;429;370;544;451;542;476;447;573
27-11-2007;17:00:00;246;486;457;387;554;495;561;514;449;587
27-11-2007;17:15:00;211;396;419;340;516;418;530;443;388;559
27-11-2007;17:30:00;199;327;368;312;495;334;510;334;288;529
27-11-2007;17:45:00;134;288;292;235;363;256;386;316;291;401
27-11-2007;18:00:00;145;237;247;211;313;239;344;275;239;356
27-11-2007;18:15:00;141;215;237;196;281;201;295;217;199;315
27-11-2007;18:30:00;121;220;230;179;283;203;286;246;177;296
27-11-2007;18:45:00;122;186;202;165;221;185;246;188;158;261
27-11-2007;19:00:00;121;178;160;128;200;166;211;193;165;222
27-11-2007;19:15:00;96;150;159;117;166;144;187;155;143;193
27-11-2007;19:30:00;85;153;142;119;165;140;189;153;96;183
27-11-2007;19:45:00;90;128;120;107;119;123;134;117;105;152
27-11-2007;20:00:00;77;111;87;61;114;111;145;107;81;141
27-11-2007;20:15:00;66;104;87;68;109;108;115;126;102;141
27-11-2007;20:30:00;56;86;86;69;98;88;95;90;73;124
27-11-2007;20:45:00;60;93;84;76;100;92;107;95;79;119
27-11-2007;21:00:00;68;87;69;56;80;90;88;88;67;109
27-11-2007;21:15:00;60;74;56;51;86;87;94;89;81;113
27-11-2007;21:30:00;56;100;49;55;102;96;100;105;77;123
27-11-2007;21:45:00;65;95;70;64;102;101;86;98;88;128
27-11-2007;22:00:00;58;80;64;48;82;89;97;98;80;103
27-11-2007;22:15:00;59;82;62;48;97;69;94;85;81;117
27-11-2007;22:30:00;52;76;67;52;89;78;98;85;59;112
27-11-2007;22:45:00;49;73;70;65;80;71;82;75;64;89
27-11-2007;23:00:00;45;53;46;44;80;60;76;49;56;88
27-11-2007;23:15:00;52;58;58;51;85;56;89;59;51;98
27-11-2007;23:30:00;48;57;33;30;46;48;49;49;34;61
27-11-2007;23:45:00;33;47;20;19;32;43;26;51;40;58
28-11-2007;00:00:00;20;44;25;20;42;55;46;55;58;58
28-11-2007;00:15:00;14;18;10;11;17;36;31;32;35;45
28-11-2007;00:30:00;20;25;18;18;18;27;27;26;26;31
28-11-2007;00:45:00;7;8;9;9;12;19;16;17;15;20
28-11-2007;01:00:00;7;7;10;13;11;11;17;11;13;15
28-11-2007;01:30:00;3;4;4;3;12;12;14;13;13;23
28-11-2007;01:45:00;2;2;3;3;14;11;15;12;13;17
28-11-2007;02:00:00;2;3;2;2;4;5;4;5;4;5
28-11-2007;02:15:00;3;4;3;4;3;3;3;3;4;4
28-11-2007;02:45:00;2;2;3;2;5;5;7;5;5;6
28-11-2007;03:30:00;6;7;5;5;11;16;10;17;15;10
28-11-2007;03:45:00;6;7;5;5;11;14;11;14;12;17
28-11-2007;04:15:00;4;4;5;5;9;8;9;9;12;14
28-11-2007;04:30:00;5;6;7;6;11;10;13;11;15;14
28-11-2007;04:45:00;8;10;11;10;15;11;17;10;14;18
28-11-2007;05:00:00;14;16;11;20;27;29;27;30;33;33
28-11-2007;05:15:00;14;18;15;16;28;31;31;39;34;47
28-11-2007;05:30:00;27;26;40;46;50;34;66;33;48;57
28-11-2007;05:45:00;48;61;52;62;68;74;66;72;86;78
28-11-2007;06:00:00;53;72;81;103;110;87;104;87;80;122
28-11-2007;06:15:00;70;86;122;138;142;91;143;87;94;179
28-11-2007;06:30:00;71;113;141;155;171;135;166;127;123;187
28-11-2007;06:45:00;154;258;256;280;347;278;319;281;228;374
28-11-2007;07:00:00;215;323;303;310;400;354;363;353;255;430
28-11-2007;07:15:00;250;338;359;354;446;355;426;365;292;402
28-11-2007;07:30:00;345;468;430;414;550;480;500;463;382;514
28-11-2007;07:45:00;362;564;455;486;589;549;533;557;477;568
28-11-2007;08:00:00;376;592;478;456;572;559;513;547;472;557
28-11-2007;08:15:00;399;664;480;466;588;623;524;615;463;577
28-11-2007;08:30:00;328;593;463;473;560;564;499;553;432;530
28-11-2007;08:45:00;292;561;444;415;523;534;496;514;388;536
28-11-2007;09:00:00;327;522;412;419;487;494;464;502;381;512
28-11-2007;09:15:00;251;462;335;331;385;448;366;439;303;426
28-11-2007;09:30:00;231;365;342;317;361;292;352;300;299;380
28-11-2007;09:45:00;78;124;127;119;196;164;184;158;136;205
